citation_raw,record_key,title,type,doi,identified_via,year,year_source,doi_source,doi_score,doi_needs_review,doi_matched_title
FAO (2017) Tracking Adaptation in Agricultural Sectors: Climate Change Adaptation Indicators,10.18356/d6cb6489-en,Tracking Adaptation in Agricultural Sectors: Climate Change Adaptation Indicators,Grey,https://doi.org/10.18356/d6cb6489-en,IPCC_AR6_WGII_Chapter17 - Decision-Making Options for Managing Risk,2017,parsed_from_citation,crossref,1.0,False,Tracking adaptation
"Tall, A., Coulibaly, J.Y., & Diop, M. (2018). Do climate services make a difference? A review of evaluation methodologies and practices to assess the value of climate information services for farmers: Implications for Africa. Climate Services, 11, 1–12.",10.1016/j.cliser.2018.06.001,"Do climate services make a difference? A review of evaluation methodologies and practices to assess the value of climate information services for farmers: Implications for Africa. Climate Services, 11, 1–12.",Peer,https://doi.org/10.1016/j.cliser.2018.06.001,"IPCC_AR6_WGII_Chapter8 - Poverty, Livelihoods and Sustainable Development",2018,parsed_from_citation,crossref,1.0,False,Do climate services make a difference? A review of evaluation methodologies and practices to assess the value of climate information services for farmers: Implications for Africa
"Vaughan et al. (2019a) Evaluating agricultural weather and climate services in Africa: Evidence, methods, and a learning agenda",10.1002/wcc.586,"Evaluating agricultural weather and climate services in Africa: Evidence, methods, and a learning agenda",Peer,https://doi.org/10.1002/wcc.586,IPCC_AR6_WGII_Chapter17 - Decision-Making Options for Managing Risk,2019,parsed_from_citation,crossref,1.0,False,"Evaluating agricultural weather and climate services in Africa: Evidence, methods, and a learning agenda"
"Abid, M., Scheffran, J., Schneider, U., & Elahi, E. (2019). Farmer perceptions of climate change, observed trends and adaptation of agriculture in Pakistan. Environmental management, 63, 110–123.",10.1007/s00267-018-1113-7,"Farmer perceptions of climate change, observed trends and adaptation of agriculture in Pakistan. Environmental management, 63, 110–123.",Peer,https://doi.org/10.1007/s00267-018-1113-7,Stakeholder - Pankaj Koirala,2019,parsed_from_citation,crossref,1.0,False,"Farmer Perceptions of Climate Change, Observed Trends and Adaptation of Agriculture in Pakistan"
"Abid, M., Schilling, J., Scheffran, J., & Zulfiqar, F. (2016). Climate change vulnerability, adaptation and risk perceptions at farm level in Punjab, Pakistan. Science of the total environment, 547, 447–460.",10.1016/j.scitotenv.2015.11.125,"Climate change vulnerability, adaptation and risk perceptions at farm level in Punjab, Pakistan. Science of the total environment, 547, 447–460.",Peer,https://doi.org/10.1016/j.scitotenv.2015.11.125,Stakeholder - Pankaj Koirala,2016,parsed_from_citation,crossref,1.0,False,"Climate change vulnerability, adaptation and risk perceptions at farm level in Punjab, Pakistan"
"Adger, W. N., Arnell, N. W., & Tompkins, E. L. (2005). Successful adaptation to climate change across scales. Global environmental change, 15, 77–86.",10.1016/j.gloenvcha.2004.12.005,"Successful adaptation to climate change across scales. Global environmental change, 15, 77–86.",Peer,https://doi.org/10.1016/j.gloenvcha.2004.12.005,Stakeholder - Pankaj Koirala,2005,parsed_from_citation,crossref,1.0,False,Successful adaptation to climate change across scales
"Adger, W. N., Dessai, S., Goulden, M., Hulme, M., Lorenzoni, I., Nelson, D. R., . . . Wreford, A. (2008). Are there social limits to adaptation to climate change? Climatic change, 93, 335–354.",10.1007/s10584-008-9520-z,"Are there social limits to adaptation to climate change? Climatic change, 93, 335–354.",Peer,https://doi.org/10.1007/s10584-008-9520-z,Stakeholder - Pankaj Koirala,2008,parsed_from_citation,crossref,1.0,False,Are there social limits to adaptation to climate change?
"Adimassu, Z., & Kessler, A. (2016). Factors affecting farmers' coping and adaptation strategies to perceived trends of declining rainfall and crop productivity in the central Rift valley of Ethiopia. Environmental systems research, 5, 13.",10.1186/s40068-016-0065-2,"Factors affecting farmers' coping and adaptation strategies to perceived trends of declining rainfall and crop productivity in the central Rift valley of Ethiopia. Environmental systems research, 5, 13.",Peer,https://doi.org/10.1186/s40068-016-0065-2,Stakeholder - Pankaj Koirala,2016,parsed_from_citation,crossref,1.0,False,Factors affecting farmers’ coping and adaptation strategies to perceived trends of declining rainfall and crop productivity in the central Rift valley of Ethiopia
"Ahmed, Z., Guha, G., Shew, A., & Alam, G. (2021). Climate change risk perceptions and agricultural adaptation strategies in vulnerable riverine char islands of Bangladesh. Land use policy, 103, 105295.",10.1016/j.landusepol.2021.105295,"Climate change risk perceptions and agricultural adaptation strategies in vulnerable riverine char islands of Bangladesh. Land use policy, 103, 105295.",Peer,https://doi.org/10.1016/j.landusepol.2021.105295,Stakeholder - Pankaj Koirala,2021,parsed_from_citation,crossref,1.0,False,Climate change risk perceptions and agricultural adaptation strategies in vulnerable riverine char islands of Bangladesh
"Alauddin, M., & Sarker, M. (2014). Climate change and farm-level adaptation decisions and strategies in drought-prone and groundwater-depleted areas of Bangladesh: an empirical investigation. Ecological economics, 106, 204–213.",10.1016/j.ecolecon.2014.07.025,"Climate change and farm-level adaptation decisions and strategies in drought-prone and groundwater-depleted areas of Bangladesh: an empirical investigation. Ecological economics, 106, 204–213.",Peer,https://doi.org/10.1016/j.ecolecon.2014.07.025,Stakeholder - Pankaj Koirala,2014,parsed_from_citation,crossref,1.0,False,Climate change and farm-level adaptation decisions and strategies in drought-prone and groundwater-depleted areas of Bangladesh: an empirical investigation
"Alauddin, M., Sarker, M., Islam, Z., & Tisdell, C. (2020). Adoption of alternate wetting and drying (AWD) irrigation as a water-saving technology in Bangladesh: Economic and environmental considerations. Land use policy, 91, 104430.",10.1016/j.landusepol.2019.104430,"Adoption of alternate wetting and drying (AWD) irrigation as a water-saving technology in Bangladesh: Economic and environmental considerations. Land use policy, 91, 104430.",Peer,https://doi.org/10.1016/j.landusepol.2019.104430,Stakeholder - Pankaj Koirala,2020,parsed_from_citation,crossref,1.0,False,Adoption of alternate wetting and drying (AWD) irrigation as a water-saving technology in Bangladesh: Economic and environmental considerations
"Alemayehu, A., & Bewket, W. (2017). Determinants of smallholder farmers' choice of coping and adaptation strategies to climate change and variability in the central highlands of Ethiopia. Environmental development, 24, 77–85.",10.1016/j.envdev.2017.06.006,"Determinants of smallholder farmers' choice of coping and adaptation strategies to climate change and variability in the central highlands of Ethiopia. Environmental development, 24, 77–85.",Peer,https://doi.org/10.1016/j.envdev.2017.06.006,Stakeholder - Pankaj Koirala,2017,parsed_from_citation,crossref,1.0,False,Determinants of smallholder farmers' choice of coping and adaptation strategies to climate change and variability in the central highlands of Ethiopia
"Ali, A., & Erenstein, O. (2017). Assessing farmer use of climate change adaptation practices and impacts on food security and poverty in Pakistan. Climate risk management, 16, 183–194.",10.1016/j.crm.2016.12.001,"Assessing farmer use of climate change adaptation practices and impacts on food security and poverty in Pakistan. Climate risk management, 16, 183–194.",Peer,https://doi.org/10.1016/j.crm.2016.12.001,Stakeholder - Pankaj Koirala,2017,parsed_from_citation,crossref,1.0,False,Assessing farmer use of climate change adaptation practices and impacts on food security and poverty in Pakistan
"Alpizar, F., Carlsson, F., & Naranjo, M. (2011). The effect of ambiguous risk, and coordination on farmers' adaptation to climate change-A framed field experiment. Ecological economics, 70, 2317–2326.",10.1016/j.ecolecon.2011.07.004,"The effect of ambiguous risk, and coordination on farmers' adaptation to climate change-A framed field experiment. Ecological economics, 70, 2317–2326.",Peer,https://doi.org/10.1016/j.ecolecon.2011.07.004,Stakeholder - Pankaj Koirala,2011,parsed_from_citation,crossref,1.0,False,"The effect of ambiguous risk, and coordination on farmers' adaptation to climate change — A framed field experiment"
"Amare, A., & Simane, B. (2017). Determinants of smallholder farmers' decision to adopt adaptation options to climate change and variability in the Muger sub basin of the upper Blue Nile basin of Ethiopia. Agriculture and food security, 6, 1–20.",10.1186/s40066-017-0144-2,"Determinants of smallholder farmers' decision to adopt adaptation options to climate change and variability in the Muger sub basin of the upper Blue Nile basin of Ethiopia. Agriculture and food security, 6, 1–20.",Peer,https://doi.org/10.1186/s40066-017-0144-2,Stakeholder - Pankaj Koirala,2017,parsed_from_citation,crossref,1.0,False,Determinants of smallholder farmers’ decision to adopt adaptation options to climate change and variability in the Muger Sub basin of the Upper Blue Nile basin of Ethiopia
"Anseeuw, W., Jayne, T., Kachule, R., & Kotsopoulos, J. (2016). The quiet rise of medium-scale farms in Malawi. Land, 5, 19.",10.3390/land5030019,"The quiet rise of medium-scale farms in Malawi. Land, 5, 19.",Peer,https://doi.org/10.3390/land5030019,Stakeholder - Pankaj Koirala,2016,parsed_from_citation,crossref,1.0,False,The Quiet Rise of Medium-Scale Farms in Malawi
"Antwi-Agyei, P., Dougill, A. J., & Stringer, L. C. (2014). Barriers to climate change adaptation: Evidence from northeast Ghana in the context of a systematic literature review. Climate and development, 7, 297–309.",10.1080/17565529.2014.951013,"Barriers to climate change adaptation: Evidence from northeast Ghana in the context of a systematic literature review. Climate and development, 7, 297–309.",Peer,https://doi.org/10.1080/17565529.2014.951013,Stakeholder - Pankaj Koirala,2014,parsed_from_citation,crossref,1.0,False,Barriers to climate change adaptation: evidence from northeast Ghana in the context of a systematic literature review
"Arimi, K. (2013). Determinants of climate change adaptation strategies used by fish farmers in Epe Local Government Area of Lagos State, Nigeria. Journal of science of food and agriculture, 94, 1470–1476.",10.1002/jsfa.6452,"Determinants of climate change adaptation strategies used by fish farmers in Epe Local Government Area of Lagos State, Nigeria. Journal of science of food and agriculture, 94, 1470–1476.",Peer,https://doi.org/10.1002/jsfa.6452,Stakeholder - Pankaj Koirala,2013,parsed_from_citation,crossref,1.0,False,"Determinants of climate change adaptation strategies used by fish farmers in Epe Local Government Area of Lagos State, Nigeria"
"Asfaw, A., Simane, B., Bantider, A., & Hassen, A. (2018). Determinants in the adoption of climate change adaptation strategies: Evidence from rainfed-dependent smallholder farmers in north-central Ethiopia (Woleka sub-basin). Environment, development and sustainability, 21, 2535–2565.",10.1007/s10668-018-0150-y,"Determinants in the adoption of climate change adaptation strategies: Evidence from rainfed-dependent smallholder farmers in north-central Ethiopia (Woleka sub-basin). Environment, development and sustainability, 21, 2535–2565.",Peer,https://doi.org/10.1007/s10668-018-0150-y,Stakeholder - Pankaj Koirala,2018,parsed_from_citation,crossref,1.0,False,Determinants in the adoption of climate change adaptation strategies: evidence from rainfed-dependent smallholder farmers in north-central Ethiopia (Woleka sub-basin)
"Asfaw, S., McCarthy, N., Lipper, L., Arslan, A., & Cattaneo, A. (2016). What determines farmers' adaptive capacity? Empirical evidence from Malawi. Food security, 8, 643–664.",10.1007/s12571-016-0571-0,"What determines farmers' adaptive capacity? Empirical evidence from Malawi. Food security, 8, 643–664.",Peer,https://doi.org/10.1007/s12571-016-0571-0,Stakeholder - Pankaj Koirala,2016,parsed_from_citation,crossref,1.0,False,What determines farmers’ adaptive capacity? Empirical evidence from Malawi
"Ashraf, M., Routray, J., & Saeed, M. (2014). Determinants of farmers' choice of coping and adaptation measures to the drought hazard in northwest Balochistan, Pakistan. Natural hazards, 73, 1451–1473.",10.1007/s11069-014-1149-9,"Determinants of farmers' choice of coping and adaptation measures to the drought hazard in northwest Balochistan, Pakistan. Natural hazards, 73, 1451–1473.",Peer,https://doi.org/10.1007/s11069-014-1149-9,Stakeholder - Pankaj Koirala,2014,parsed_from_citation,crossref,1.0,False,"Determinants of farmers’ choice of coping and adaptation measures to the drought hazard in northwest Balochistan, Pakistan"
"Assunchao, J., & Ghatak, M. (2003). Can unobserved heterogeneity in farmer ability explain the inverse relationship between farm size and productivity? Economics letters, 80, 189–194.",10.1016/s0165-1765(03)00091-0,"Can unobserved heterogeneity in farmer ability explain the inverse relationship between farm size and productivity? Economics letters, 80, 189–194.",Peer,https://doi.org/10.1016/s0165-1765(03)00091-0,Stakeholder - Pankaj Koirala,2003,parsed_from_citation,crossref,1.0,False,Can unobserved heterogeneity in farmer ability explain the inverse relationship between farm size and productivity
"Averyt, K. (2010). Are we successfully adapting science to climate change? Bulletin of the american meteorological society, 91, 723–726.",10.1175/2010bams2906.1,"Are we successfully adapting science to climate change? Bulletin of the american meteorological society, 91, 723–726.",Peer,https://doi.org/10.1175/2010bams2906.1,Stakeholder - Pankaj Koirala,2010,parsed_from_citation,crossref,1.0,False,Are We Successfully Adapting Science to Climate Change?
"Azadi, Y., Yazdanpanah, M., & Mahmoudi, H. (2019). Understanding smallholder farmers' adaptation behaviors through climate change beliefs, risk perception, trust, and psychological distance: Evidence from wheat growers in Iran. Journal of environmental management, 250, 109456.",10.1016/j.jenvman.2019.109456,"Understanding smallholder farmers' adaptation behaviors through climate change beliefs, risk perception, trust, and psychological distance: Evidence from wheat growers in Iran. Journal of environmental management, 250, 109456.",Peer,https://doi.org/10.1016/j.jenvman.2019.109456,Stakeholder - Pankaj Koirala,2019,parsed_from_citation,crossref,1.0,False,"Understanding smallholder farmers’ adaptation behaviors through climate change beliefs, risk perception, trust, and psychological distance: Evidence from wheat growers in Iran"
"Balasubramanian, T., Nambi, A., & Paul, D. (2007). A suggested index for assessment of vulnerability of a location to climate change. Journal of agrometeorology, 9, 129–137.",10.54386/jam.v9i2.1119,"A suggested index for assessment of vulnerability of a location to climate change. Journal of agrometeorology, 9, 129–137.",Peer,https://doi.org/10.54386/jam.v9i2.1119,Stakeholder - Pankaj Koirala,2007,parsed_from_citation,crossref,1.0,False,A suggested index for assessment of vulnerability of a location to climate change
"Bandiera, O., & Rasul, I. (2006). Social networks and technology adoption in northern Mozambique. Economic journal, 116, 869–902.",10.1111/j.1468-0297.2006.01115.x,"Social networks and technology adoption in northern Mozambique. Economic journal, 116, 869–902.",Peer,https://doi.org/10.1111/j.1468-0297.2006.01115.x,Stakeholder - Pankaj Koirala,2006,parsed_from_citation,crossref,1.0,False,Social Networks and Technology Adoption in Northern Mozambique
"Bardhan, P. (1973). Size, productivity, and returns to scale: An analysis of farm-level data in Indian agriculture. Journal of political economy, 81, 1370–1386.",10.1086/260132,"Size, productivity, and returns to scale: An analysis of farm-level data in Indian agriculture. Journal of political economy, 81, 1370–1386.",Peer,https://doi.org/10.1086/260132,Stakeholder - Pankaj Koirala,1973,parsed_from_citation,crossref,1.0,False,"Size, Productivity, and Returns to Scale: An Analysis of Farm-Level Data in Indian Agriculture"
"Barnwal, P., & Kotani, K. (2013). Climatic impacts across agricultural crop yield distributions: An application of quantile regression on rice crops in Andhra Pradesh, India. Ecological economics, 87, 95–109.",10.1016/j.ecolecon.2012.11.024,"Climatic impacts across agricultural crop yield distributions: An application of quantile regression on rice crops in Andhra Pradesh, India. Ecological economics, 87, 95–109.",Peer,https://doi.org/10.1016/j.ecolecon.2012.11.024,Stakeholder - Pankaj Koirala,2013,parsed_from_citation,crossref,1.0,False,"Climatic impacts across agricultural crop yield distributions: An application of quantile regression on rice crops in Andhra Pradesh, India"
"Belay, A., Recha, J., Woldeamanuel, T., & Morton, J. (2017). Smallholder farmers' adaptation to climate change and determinants of their adaptation decisions in the central Rift Valley of Ethiopia. Agriculture and food security, 6, 24.",10.1186/s40066-017-0100-1,"Smallholder farmers' adaptation to climate change and determinants of their adaptation decisions in the central Rift Valley of Ethiopia. Agriculture and food security, 6, 24.",Peer,https://doi.org/10.1186/s40066-017-0100-1,Stakeholder - Pankaj Koirala,2017,parsed_from_citation,crossref,1.0,False,Smallholder farmers’ adaptation to climate change and determinants of their adaptation decisions in the Central Rift Valley of Ethiopia
"Bello, M., Salau, E., Galadima, O., & Ali, I. (2013). Knowledge, perception and adaptation strategies to climate change among farmers of Central State Nigeria. Sustainable agriculture research, 2, 107.",10.5539/sar.v2n3p107,"Knowledge, perception and adaptation strategies to climate change among farmers of Central State Nigeria. Sustainable agriculture research, 2, 107.",Peer,https://doi.org/10.5539/sar.v2n3p107,Stakeholder - Pankaj Koirala,2013,parsed_from_citation,crossref,1.0,False,"Knowledge, Perception and Adaptation Strategies to Climate Change Among Farmers of Central State Nigeria"
"Below, T., Mutabazi, K., Kirschke, D., Franke, C., Sieber, S., Siebert, R., & Tscherning, K. (2012). Can farmers’ adaptation to climate change be explained by socio-economic household-level variables? Global environmental change, 22, 223–235.",10.1016/j.gloenvcha.2011.11.012,"Can farmers’ adaptation to climate change be explained by socio-economic household-level variables? Global environmental change, 22, 223–235.",Peer,https://doi.org/10.1016/j.gloenvcha.2011.11.012,Stakeholder - Pankaj Koirala,2012,parsed_from_citation,crossref,1.0,False,Can farmers’ adaptation to climate change be explained by socio-economic household-level variables?
"Berrang-Ford, L., Ford, J., & Paterson, J. (2011). Are we adapting to climate change? Global environmental change, 21, 25–33.",10.1016/j.gloenvcha.2010.09.012,"Are we adapting to climate change? Global environmental change, 21, 25–33.",Peer,https://doi.org/10.1016/j.gloenvcha.2010.09.012,Stakeholder - Pankaj Koirala,2011,parsed_from_citation,crossref,1.0,False,Are we adapting to climate change?
"Biggs, E., Tompkins, E., Allen, J., Moon, C., & Allen, R. (2013). Agricultural adaptation to climate change: Observations from the Mid-Hills of Nepal. Climate and development, 5, 165–173.",10.1080/17565529.2013.789791,"Agricultural adaptation to climate change: Observations from the Mid-Hills of Nepal. Climate and development, 5, 165–173.",Peer,https://doi.org/10.1080/17565529.2013.789791,Stakeholder - Pankaj Koirala,2013,parsed_from_citation,crossref,1.0,False,Agricultural adaptation to climate change: observations from the Mid-Hills of Nepal
"Boussard, J.-M., & Petit, M. (1967). Representation of farmers' behavior under uncertainty with a focus-loss constraint. Journal of farm economics, 49, 869.",10.2307/1236943,"Representation of farmers' behavior under uncertainty with a focus-loss constraint. Journal of farm economics, 49, 869.",Peer,https://doi.org/10.2307/1236943,Stakeholder - Pankaj Koirala,1967,parsed_from_citation,crossref,1.0,False,Representation of Farmers' Behavior under Uncertainty with a Focus-Loss Constraint
"Bryan, E., Deressa, T., Gbetibouo, G., & Ringler, C. (2009). Adaptation to climate change in Ethiopia and South Africa: Options and constraints. Environmental science and policy, 12, 413–426.",10.1016/j.envsci.2008.11.002,"Adaptation to climate change in Ethiopia and South Africa: Options and constraints. Environmental science and policy, 12, 413–426.",Peer,https://doi.org/10.1016/j.envsci.2008.11.002,Stakeholder - Pankaj Koirala,2009,parsed_from_citation,crossref,1.0,False,Adaptation to climate change in Ethiopia and South Africa: options and constraints
"Bryan, E., Ringler, C., Okoba, B., Roncoli, C., Silvestri, S., & Herrero, M. (2013). Adapting agriculture to climate change in Kenya: Household strategies and determinants. Journal of environmental management, 114, 26–35.",10.1016/j.jenvman.2012.10.036,"Adapting agriculture to climate change in Kenya: Household strategies and determinants. Journal of environmental management, 114, 26–35.",Peer,https://doi.org/10.1016/j.jenvman.2012.10.036,Stakeholder - Pankaj Koirala,2013,parsed_from_citation,crossref,1.0,False,Adapting agriculture to climate change in Kenya: Household strategies and determinants
"Carter, M. R. (1984). Identification of the inverse relationship between farm size and productivity: An empirical analysis of peasant agricultural production. Oxford economic press, 36, 131–145.",10.1093/oxfordjournals.oep.a041621,"Identification of the inverse relationship between farm size and productivity: An empirical analysis of peasant agricultural production. Oxford economic press, 36, 131–145.",Peer,https://doi.org/10.1093/oxfordjournals.oep.a041621,Stakeholder - Pankaj Koirala,1984,parsed_from_citation,crossref,1.0,False,IDENTIFICATION OF THE INVERSE RELATIONSHIP BETWEEN FARM SIZE AND PRODUCTIVITY: AN EMPIRICAL ANALYSIS OF PEASANT AGRICULTURAL PRODUCTION
"Cinner, J., Adger, W., Allison, E., Barnes, M., Brown, K., Cohen, P., . . . Morrison, T. (2018). Building adaptive capacity to climate change in tropical coastal communities. Nature climate change, 8, 117–123.",10.1038/s41558-017-0065-x,"Building adaptive capacity to climate change in tropical coastal communities. Nature climate change, 8, 117–123.",Peer,https://doi.org/10.1038/s41558-017-0065-x,Stakeholder - Pankaj Koirala,2018,parsed_from_citation,crossref,1.0,False,Building adaptive capacity to climate change in tropical coastal communities
"Dang, H., Li, E., Nuberg, I., & Bruwer, J. (2014). Understanding farmers' adaptation intention to climate change: A structural equation modelling study in the Mekong Delta, Vietnam. Environmental science and policy, 41, 11–22.",10.1016/j.envsci.2014.04.002,"Understanding farmers' adaptation intention to climate change: A structural equation modelling study in the Mekong Delta, Vietnam. Environmental science and policy, 41, 11–22.",Peer,https://doi.org/10.1016/j.envsci.2014.04.002,Stakeholder - Pankaj Koirala,2014,parsed_from_citation,crossref,1.0,False,"Understanding farmers’ adaptation intention to climate change: A structural equation modelling study in the Mekong Delta, Vietnam"
"de Jalon, S., Silvestri, S., Granados, A., & Iglesias, A. (2014). Behavioural barriers in response to climate change in agricultural communities: An example from Kenya. Regional environmental change, 15, 851–865.",10.1007/s10113-014-0676-y,"Behavioural barriers in response to climate change in agricultural communities: An example from Kenya. Regional environmental change, 15, 851–865.",Peer,https://doi.org/10.1007/s10113-014-0676-y,Stakeholder - Pankaj Koirala,2014,parsed_from_citation,crossref,1.0,False,Behavioural barriers in response to climate change in agricultural communities: an example from Kenya
"Deressa, T., Hassan, R., & Ringler, C. (2010). Perception of and adaptation to climate change by farmers in the Nile basin of Ethiopia. Journal of agricultural science, 149, 23–31.",10.1017/s0021859610000687,"Perception of and adaptation to climate change by farmers in the Nile basin of Ethiopia. Journal of agricultural science, 149, 23–31.",Peer,https://doi.org/10.1017/s0021859610000687,Stakeholder - Pankaj Koirala,2010,parsed_from_citation,crossref,1.0,False,Perception of and adaptation to climate change by farmers in the Nile basin of Ethiopia
"Deressa, T., Hassan, R., Ringler, C., Alemu, T., & Yesuf, M. (2009). Determinants of farmers' choice of adaptation methods to climate change in the Nile basin of Ethiopia. Global environmental change, 19, 248–255.",10.1016/j.gloenvcha.2009.01.002,"Determinants of farmers' choice of adaptation methods to climate change in the Nile basin of Ethiopia. Global environmental change, 19, 248–255.",Peer,https://doi.org/10.1016/j.gloenvcha.2009.01.002,Stakeholder - Pankaj Koirala,2009,parsed_from_citation,crossref,1.0,False,Determinants of farmers’ choice of adaptation methods to climate change in the Nile Basin of Ethiopia
"Diallo, A., Donkor, E., & Owusu, V. (2020). Climate change adaptation strategies, productivity and sustainable food security in southern Mali. Climatic Change, 159, 309–327.",10.1007/s10584-020-02684-8,"Climate change adaptation strategies, productivity and sustainable food security in southern Mali. Climatic Change, 159, 309–327.",Peer,https://doi.org/10.1007/s10584-020-02684-8,Stakeholder - Pankaj Koirala,2020,parsed_from_citation,crossref,1.0,False,"Climate change adaptation strategies, productivity and sustainable food security in southern Mali"
"Diprose, K., Liu, C., Valentine, G., Vanderbeck, R. M., & McQuaid, K. (2019). Caring for the future: Climate change and intergenerational responsibility in China and the UK. Geoforum, 105, 158–167.",10.1016/j.geoforum.2019.05.019,"Caring for the future: Climate change and intergenerational responsibility in China and the UK. Geoforum, 105, 158–167.",Peer,https://doi.org/10.1016/j.geoforum.2019.05.019,Stakeholder - Pankaj Koirala,2019,parsed_from_citation,crossref,1.0,False,Caring for the future: Climate change and intergenerational responsibility in China and the UK
"Eitzinger, A., Binder, C., & Meyer, M. (2018). Risk perception and decision-making: Do farmers consider risks from climate change? Climatic change, 151, 507–524.",10.1007/s10584-018-2320-1,"Risk perception and decision-making: Do farmers consider risks from climate change? Climatic change, 151, 507–524.",Peer,https://doi.org/10.1007/s10584-018-2320-1,Stakeholder - Pankaj Koirala,2018,parsed_from_citation,crossref,1.0,False,Risk perception and decision-making: do farmers consider risks from climate change?
"Ford, J. D., Berrang-Ford, L., Lesnikowski, A., Barrera, M., & Heymann, S. J. (2013). How to track adaptation to climate change: a typology of approaches for national-level application. Ecology and Society, 18.",10.5751/es-05732-180340,"How to track adaptation to climate change: a typology of approaches for national-level application. Ecology and Society, 18.",Peer,https://doi.org/10.5751/es-05732-180340,Stakeholder - Pankaj Koirala,2013,parsed_from_citation,crossref,1.0,False,How to Track Adaptation to Climate Change: A Typology of Approaches for National-Level Application
"Foster, A., & Rosenzweig, M. (1995). Learning by doing and learning from others: Human capital and technical change in agriculture. Journal of political economy, 103, 1176–1209.",10.1086/601447,"Learning by doing and learning from others: Human capital and technical change in agriculture. Journal of political economy, 103, 1176–1209.",Peer,https://doi.org/10.1086/601447,Stakeholder - Pankaj Koirala,1995,parsed_from_citation,crossref,1.0,False,Learning by Doing and Learning from Others: Human Capital and Technical Change in Agriculture
"Fussel, H. (2007). Vulnerability: A generally applicable conceptual framework for climate change research. Global environmental change, 17, 155–167.",10.1016/j.gloenvcha.2006.05.002,"Vulnerability: A generally applicable conceptual framework for climate change research. Global environmental change, 17, 155–167.",Peer,https://doi.org/10.1016/j.gloenvcha.2006.05.002,Stakeholder - Pankaj Koirala,2007,parsed_from_citation,crossref,1.0,False,Vulnerability: A generally applicable conceptual framework for climate change research
"GC, & Yeo. (2019). Perception to adaptation of climate change in Nepal: An empirical analysis using multivariate probit model. Sci, 1, 57.",10.3390/sci1030057,"Perception to adaptation of climate change in Nepal: An empirical analysis using multivariate probit model. Sci, 1, 57.",Peer,https://doi.org/10.3390/sci1030057,Stakeholder - Pankaj Koirala,2019,parsed_from_citation,crossref,1.0,False,Perception to Adaptation of Climate Change in Nepal: An Empirical Analysis Using Multivariate Probit Model
"Gebrehiwot, T., & van der Veen, A. (2013). Farm level adaptation to climate change: The case of farmer's in the Ethiopian highlands. Environmental management, 52, 29–44.",10.1007/s00267-013-0039-3,"Farm level adaptation to climate change: The case of farmer's in the Ethiopian highlands. Environmental management, 52, 29–44.",Peer,https://doi.org/10.1007/s00267-013-0039-3,Stakeholder - Pankaj Koirala,2013,parsed_from_citation,crossref,1.0,False,Farm Level Adaptation to Climate Change: The Case of Farmer’s in the Ethiopian Highlands
"Gebrehiwot, T., & van der Veen, A. (2014). Farmers prone to drought risk: Why some farmers undertake farm-level risk-reduction measures while others not? Environmental management, 55, 588–602.",10.1007/s00267-014-0415-7,"Farmers prone to drought risk: Why some farmers undertake farm-level risk-reduction measures while others not? Environmental management, 55, 588–602.",Peer,https://doi.org/10.1007/s00267-014-0415-7,Stakeholder - Pankaj Koirala,2014,parsed_from_citation,crossref,1.0,False,Farmers Prone to Drought Risk: Why Some Farmers Undertake Farm-Level Risk-Reduction Measures While Others Not?
"Ghahramani, A., Howden, M., del Prado, A., Thomas, D., Moore, A., Ji, B., & Ates, S. (2019). Climate change impact, adaptation, and mitigation in temperate grazing systems: A review. Sustainability, 11, 7224.",10.3390/su11247224,"Climate change impact, adaptation, and mitigation in temperate grazing systems: A review. Sustainability, 11, 7224.",Peer,https://doi.org/10.3390/su11247224,Stakeholder - Pankaj Koirala,2019,parsed_from_citation,crossref,1.0,False,"Climate Change Impact, Adaptation, and Mitigation in Temperate Grazing Systems: A Review"
"Gharti, A., & Yeo, J.-H. (2020). Perception to adaptation of climate change in Nepal: An empirical analysis using multivariate probit model. Sci, 2, 87.",10.3390/sci2040087,"Perception to adaptation of climate change in Nepal: An empirical analysis using multivariate probit model. Sci, 2, 87.",Peer,https://doi.org/10.3390/sci2040087,Stakeholder - Pankaj Koirala,2020,parsed_from_citation,crossref,1.0,False,Perception to Adaptation of Climate Change in Nepal: An Empirical Analysis Using Multivariate Probit Model
"Grothmann, T., & Patt, A. (2005). Adaptive capacity and human cognition: The process of individual adaptation to climate change. Global environmental change, 15, 199–213.",10.1016/j.gloenvcha.2005.01.002,"Adaptive capacity and human cognition: The process of individual adaptation to climate change. Global environmental change, 15, 199–213.",Peer,https://doi.org/10.1016/j.gloenvcha.2005.01.002,Stakeholder - Pankaj Koirala,2005,parsed_from_citation,crossref,1.0,False,Adaptive capacity and human cognition: The process of individual adaptation to climate change
"Grothmann, T., & Reusswig, F. (2006). People at risk of flooding: Why some residents take precautionary action while others do not. Natural hazards, 38, 101–120.",10.1007/s11069-005-8604-6,"People at risk of flooding: Why some residents take precautionary action while others do not. Natural hazards, 38, 101–120.",Peer,https://doi.org/10.1007/s11069-005-8604-6,Stakeholder - Pankaj Koirala,2006,parsed_from_citation,crossref,1.0,False,People at Risk of Flooding: Why Some Residents Take Precautionary Action While Others Do Not
"Guo, R., Li, Y., Shang, L., Feng, C., & Wang, X. (2021). Local farmer's perception and adaptive behavior toward climate change. Journal of cleaner production , 287, 125332.",10.1016/j.jclepro.2020.125332,"Local farmer's perception and adaptive behavior toward climate change. Journal of cleaner production , 287, 125332.",Peer,https://doi.org/10.1016/j.jclepro.2020.125332,Stakeholder - Pankaj Koirala,2021,parsed_from_citation,crossref,1.0,False,Local farmer’s perception and adaptive behavior toward climate change
"Hahn, M., Riederer, A., & Foster, S. (2009). The Livelihood Vulnerability Index: A pragmatic approach to assessing risks from climate variability and change-A case study in Mozambique. Global environmental change, 19, 74–88.",10.1016/j.gloenvcha.2008.11.002,"The Livelihood Vulnerability Index: A pragmatic approach to assessing risks from climate variability and change-A case study in Mozambique. Global environmental change, 19, 74–88.",Peer,https://doi.org/10.1016/j.gloenvcha.2008.11.002,Stakeholder - Pankaj Koirala,2009,parsed_from_citation,crossref,1.0,False,The Livelihood Vulnerability Index: A pragmatic approach to assessing risks from climate variability and change—A case study in Mozambique
"Islam, M., Kotani, K., & Managi, S. (2016). Climate perception and flood mitigation cooperation: A Bangladesh case study. Economic analysis and policy, 49, 117–133.",10.1016/j.eap.2016.01.001,"Climate perception and flood mitigation cooperation: A Bangladesh case study. Economic analysis and policy, 49, 117–133.",Peer,https://doi.org/10.1016/j.eap.2016.01.001,Stakeholder - Pankaj Koirala,2016,parsed_from_citation,crossref,1.0,False,Climate perception and flood mitigation cooperation: A Bangladesh case study
"Jayne, T., Chamberlin, J., Traub, L., Sitko, N., Muyanga, M., Yeboah, F., . . . Kachule, R. (2016). Africa's changing farm size distribution patterns: The rise of medium-scale farms. Agricultural economics , 47, 197–214.",10.1111/agec.12308,"Africa's changing farm size distribution patterns: The rise of medium-scale farms. Agricultural economics , 47, 197–214.",Peer,https://doi.org/10.1111/agec.12308,Stakeholder - Pankaj Koirala,2016,parsed_from_citation,crossref,1.0,False,Africa's changing farm size distribution patterns: the rise of medium‐scale farms
"Jianjun, J., Yiwei, G., Xiaomin, W., & Nam, P. K. (2015). Farmers' risk preferences and their climate change adaptation strategies in the Yongqiao District, China. Land use policy, 47, 365–372.",10.1016/j.landusepol.2015.04.028,"Farmers' risk preferences and their climate change adaptation strategies in the Yongqiao District, China. Land use policy, 47, 365–372.",Peer,https://doi.org/10.1016/j.landusepol.2015.04.028,Stakeholder - Pankaj Koirala,2015,parsed_from_citation,crossref,1.0,False,"Farmers’ risk preferences and their climate change adaptation strategies in the Yongqiao District, China"
"Jr, J. A., Morton, L., & Hobbs, J. (2013). Farmer beliefs and concerns about climate change and attitudes toward adaptation and mitigation: Evidence from Iowa. Climatic change, 118, 551–563.",10.1007/s10584-013-0700-0,"Farmer beliefs and concerns about climate change and attitudes toward adaptation and mitigation: Evidence from Iowa. Climatic change, 118, 551–563.",Peer,https://doi.org/10.1007/s10584-013-0700-0,Stakeholder - Pankaj Koirala,2013,parsed_from_citation,crossref,1.0,False,Farmer beliefs and concerns about climate change and attitudes toward adaptation and mitigation: Evidence from Iowa
"Kabir, M., Alauddin, M., & Crimp, S. (2017). Farm-level adaptation to climate change in Western Bangladesh: An analysis of adaptation dynamics, profitability and risks. Land use policy, 64, 212–224.",10.1016/j.landusepol.2017.02.026,"Farm-level adaptation to climate change in Western Bangladesh: An analysis of adaptation dynamics, profitability and risks. Land use policy, 64, 212–224.",Peer,https://doi.org/10.1016/j.landusepol.2017.02.026,Stakeholder - Pankaj Koirala,2017,parsed_from_citation,crossref,1.0,False,"Farm-level adaptation to climate change in Western Bangladesh: An analysis of adaptation dynamics, profitability and risks"
"Khanal, U. (2018). Why are farmers keeping cultivatable lands fallow even though there is food scarcity in Nepal? Food security, 10, 603–614.",10.1007/s12571-018-0805-4,"Why are farmers keeping cultivatable lands fallow even though there is food scarcity in Nepal? Food security, 10, 603–614.",Peer,https://doi.org/10.1007/s12571-018-0805-4,Stakeholder - Pankaj Koirala,2018,parsed_from_citation,crossref,1.0,False,Why are farmers keeping cultivatable lands fallow even though there is food scarcity in Nepal?
"Khanal, U., & Wilson, C. (2019). Derivation of a climate change adaptation index and assessing determinants and barriers to adaptation among farming households in Nepal. Environmental science and policy, 101, 156–165.",10.1016/j.envsci.2019.08.006,"Derivation of a climate change adaptation index and assessing determinants and barriers to adaptation among farming households in Nepal. Environmental science and policy, 101, 156–165.",Peer,https://doi.org/10.1016/j.envsci.2019.08.006,Stakeholder - Pankaj Koirala,2019,parsed_from_citation,crossref,1.0,False,Derivation of a climate change adaptation index and assessing determinants and barriers to adaptation among farming households in Nepal
"Khanal, U., Wilson, C., Hoang, V.-N., & Lee, B. (2017). Impact of community-based organizations on climate change adaptation in agriculture: Empirical evidence from Nepal. Environment, development and sustainability, 21, 621–635.",10.1007/s10668-017-0050-6,"Impact of community-based organizations on climate change adaptation in agriculture: Empirical evidence from Nepal. Environment, development and sustainability, 21, 621–635.",Peer,https://doi.org/10.1007/s10668-017-0050-6,Stakeholder - Pankaj Koirala,2017,parsed_from_citation,crossref,1.0,False,Impact of community-based organizations on climate change adaptation in agriculture: empirical evidence from Nepal
"Khanal, U., Wilson, C., Hoang, V.-N., & Lee, B. (2018). Farmers' adaptation to climate change, its determinants and impacts on rice yield in Nepal. Ecological economics, 144, 139–147.",10.1016/j.ecolecon.2017.08.006,"Farmers' adaptation to climate change, its determinants and impacts on rice yield in Nepal. Ecological economics, 144, 139–147.",Peer,https://doi.org/10.1016/j.ecolecon.2017.08.006,Stakeholder - Pankaj Koirala,2018,parsed_from_citation,crossref,1.0,False,"Farmers' Adaptation to Climate Change, Its Determinants and Impacts on Rice Yield in Nepal"
"Khanal, U., Wilson, C., Lee, B. L., & Hoang, V.-N. (2018). Climate change adaptation strategies and food productivity in Nepal: a counterfactual analysis. Climatic change, 148, 575–590.",10.1007/s10584-018-2214-2,"Climate change adaptation strategies and food productivity in Nepal: a counterfactual analysis. Climatic change, 148, 575–590.",Peer,https://doi.org/10.1007/s10584-018-2214-2,Stakeholder - Pankaj Koirala,2018,parsed_from_citation,crossref,1.0,False,Climate change adaptation strategies and food productivity in Nepal: a counterfactual analysis
"Khanal, U., Wilson, C., Lee, B., & Hoang, V.-N. (2018). Do climate change adaptation practices improve technical efficiency of smallholder farmers? Evidence from Nepal. Climatic change, 147, 507–521.",10.1007/s10584-018-2168-4,"Do climate change adaptation practices improve technical efficiency of smallholder farmers? Evidence from Nepal. Climatic change, 147, 507–521.",Peer,https://doi.org/10.1007/s10584-018-2168-4,Stakeholder - Pankaj Koirala,2018,parsed_from_citation,crossref,1.0,False,Do climate change adaptation practices improve technical efficiency of smallholder farmers? Evidence from Nepal
"Kung, J. K.-s., & Liu, S. (2017). Farmers’ preferences regarding ownership and land tenure in post-Mao China: Unexpected evidence from eight counties. In Chinese economic history since 1949 (pp. 469–502). Brill.",10.1163/9789004304987_022,Farmers’ preferences regarding ownership and land tenure in post-Mao China: Unexpected evidence from eight counties. In Chinese economic history since 1949 (pp. 469–502). Brill.,Peer,https://doi.org/10.1163/9789004304987_022,Stakeholder - Pankaj Koirala,2017,parsed_from_citation,crossref,1.0,False,Farmers’ Preferences Regarding Ownership and Land Tenure in Post-Mao China: Unexpected Evidence from Eight Counties
"Lesnikowski, A., Ford, J., Berrang-Ford, L., Barrera, M., & Heymann, J. (2013). How are we adapting to climate change? A global assessment. Mitigation and adaptation strategies for global change, 20, 277–293.",10.1007/s11027-013-9491-x,"How are we adapting to climate change? A global assessment. Mitigation and adaptation strategies for global change, 20, 277–293.",Peer,https://doi.org/10.1007/s11027-013-9491-x,Stakeholder - Pankaj Koirala,2013,parsed_from_citation,crossref,1.0,False,How are we adapting to climate change? A global assessment
"Maddison, D. (2007). The perception of and adaptation to climate change in Africa. The Word Book.",10.1596/1813-9450-4308,The perception of and adaptation to climate change in Africa. The Word Book.,Peer,https://doi.org/10.1596/1813-9450-4308,Stakeholder - Pankaj Koirala,2007,parsed_from_citation,crossref,1.0,False,The Perception Of And Adaptation To Climate Change In Africa
"Manandhar, S., Vogt, D., Perret, S., & Kazama, F. (2010). Adapting cropping systems to climate change in Nepal: A cross-regional study of farmers' perception and practices. Regional environmental change, 11, 335–348.",10.1007/s10113-010-0137-1,"Adapting cropping systems to climate change in Nepal: A cross-regional study of farmers' perception and practices. Regional environmental change, 11, 335–348.",Peer,https://doi.org/10.1007/s10113-010-0137-1,Stakeholder - Pankaj Koirala,2010,parsed_from_citation,crossref,1.0,False,Adapting cropping systems to climate change in Nepal: a cross-regional study of farmers’ perception and practices
"Morecroft, M., Duffield, S., Harley, M., Pearce-Higgins, J., Stevens, N., Watts, O., & Whitaker, J. (2019). Measuring the success of climate change adaptation and mitigation in terrestrial ecosystems. Science, 366, eaaw9256.",10.1126/science.aaw9256,"Measuring the success of climate change adaptation and mitigation in terrestrial ecosystems. Science, 366, eaaw9256.",Peer,https://doi.org/10.1126/science.aaw9256,Stakeholder - Pankaj Koirala,2019,parsed_from_citation,crossref,1.0,False,Measuring the success of climate change adaptation and mitigation in terrestrial ecosystems
"Nastis, S., Mattas, K., & Baourakis, G. (2019). Understanding farmers' behavior towards sustainable practices and their perceptions of risk. Sustainability, 11, 1303.",10.3390/su11051303,"Understanding farmers' behavior towards sustainable practices and their perceptions of risk. Sustainability, 11, 1303.",Peer,https://doi.org/10.3390/su11051303,Stakeholder - Pankaj Koirala,2019,parsed_from_citation,crossref,1.0,False,Understanding Farmers’ Behavior towards Sustainable Practices and Their Perceptions of Risk
"Ndamani, F., & Watanabe, T. (2015). Farmers' perceptions about adaptation practices to climate change and barriers to adaptation: A micro-level study in Ghana. Water, 7, 4593–4604.",10.3390/w7094593,"Farmers' perceptions about adaptation practices to climate change and barriers to adaptation: A micro-level study in Ghana. Water, 7, 4593–4604.",Peer,https://doi.org/10.3390/w7094593,Stakeholder - Pankaj Koirala,2015,parsed_from_citation,crossref,1.0,False,Farmers’ Perceptions about Adaptation Practices to Climate Change and Barriers to Adaptation: A Micro-Level Study  in Ghana
"Nicholas, K., & Durham, W. (2012). Farm-scale adaptation and vulnerability to environmental stresses: Insights from winegrowing in Northern California. Global environmental change, 22, 483–494.",10.1016/j.gloenvcha.2012.01.001,"Farm-scale adaptation and vulnerability to environmental stresses: Insights from winegrowing in Northern California. Global environmental change, 22, 483–494.",Peer,https://doi.org/10.1016/j.gloenvcha.2012.01.001,Stakeholder - Pankaj Koirala,2012,parsed_from_citation,crossref,1.0,False,Farm-scale adaptation and vulnerability to environmental stresses: Insights from winegrowing in Northern California
"Niles, M., Lubell, M., & Haden, V. (2013). Perceptions and responses to climate policy risks among California farmers. Global environmental change, 23, 1752–1760.",10.1016/j.gloenvcha.2013.08.005,"Perceptions and responses to climate policy risks among California farmers. Global environmental change, 23, 1752–1760.",Peer,https://doi.org/10.1016/j.gloenvcha.2013.08.005,Stakeholder - Pankaj Koirala,2013,parsed_from_citation,crossref,1.0,False,Perceptions and responses to climate policy risks among California farmers
"Niroula, G. S., & Thapa, G. B. (2007). Impacts of land fragmentation on input use, crop yield and production efficiency in the mountains of Nepal. Land degradation & development, 18, 237–248.",10.1002/ldr.771,"Impacts of land fragmentation on input use, crop yield and production efficiency in the mountains of Nepal. Land degradation & development, 18, 237–248.",Peer,https://doi.org/10.1002/ldr.771,Stakeholder - Pankaj Koirala,2007,parsed_from_citation,crossref,1.0,False,"Impacts of land fragmentation on input use, crop yield and production efficiency in the mountains of Nepal"
"Omerkhil, N., Chand, T., Valente, D., Alatalo, J., & Pandey, R. (2020). Climate change vulnerability and adaptation strategies for smallholder farmers in Yangi Qala district, Takhar, Afghanistan. Ecological indicators, 110, 105863.",10.1016/j.ecolind.2019.105863,"Climate change vulnerability and adaptation strategies for smallholder farmers in Yangi Qala district, Takhar, Afghanistan. Ecological indicators, 110, 105863.",Peer,https://doi.org/10.1016/j.ecolind.2019.105863,Stakeholder - Pankaj Koirala,2020,parsed_from_citation,crossref,1.0,False,"Climate change vulnerability and adaptation strategies for smallholder farmers in Yangi Qala District, Takhar, Afghanistan"
"Ontl, T., Swanston, C., Brandt, L., Butler, P., D'Amato, A., Handler, S., . . . Shannon, P. (2017). Adaptation pathways: Ecoregion and land ownership influences on climate adaptation decision-making in forest management. Climatic change, 146, 75–88.",10.1007/s10584-017-1983-3,"Adaptation pathways: Ecoregion and land ownership influences on climate adaptation decision-making in forest management. Climatic change, 146, 75–88.",Peer,https://doi.org/10.1007/s10584-017-1983-3,Stakeholder - Pankaj Koirala,2017,parsed_from_citation,crossref,1.0,False,Adaptation pathways: ecoregion and land ownership influences on climate adaptation decision-making in forest management
"Osberghaus, D. (2015). The determinants of private flood mitigation measures in Germany - Evidence from a nationwide survey. Ecological economics, 110, 36–50.",10.1016/j.ecolecon.2014.12.010,"The determinants of private flood mitigation measures in Germany - Evidence from a nationwide survey. Ecological economics, 110, 36–50.",Peer,https://doi.org/10.1016/j.ecolecon.2014.12.010,Stakeholder - Pankaj Koirala,2015,parsed_from_citation,crossref,1.0,False,The determinants of private flood mitigation measures in Germany — Evidence from a nationwide survey
"Paudel, G., Dilli, K. C., Rahut, D., Justice, S., & McDonald, A. (2019). Scale-appropriate mechanization impacts on productivity among smallholders: Evidence from rice systems in the mid-hills of Nepal. Land use policy, 85, 104–113.",10.1016/j.landusepol.2019.03.030,"Scale-appropriate mechanization impacts on productivity among smallholders: Evidence from rice systems in the mid-hills of Nepal. Land use policy, 85, 104–113.",Peer,https://doi.org/10.1016/j.landusepol.2019.03.030,Stakeholder - Pankaj Koirala,2019,parsed_from_citation,crossref,1.0,False,Scale-appropriate mechanization impacts on productivity among smallholders: Evidence from rice systems in the mid-hills of Nepal
"Piya, L., Maharjan, K., & Joshi, N. (2012). Determinants of adaptation practices to climate change by Chepang households in the rural mid-hills of Nepal. Regional environmental change, 13, 437–447.",10.1007/s10113-012-0359-5,"Determinants of adaptation practices to climate change by Chepang households in the rural mid-hills of Nepal. Regional environmental change, 13, 437–447.",Peer,https://doi.org/10.1007/s10113-012-0359-5,Stakeholder - Pankaj Koirala,2012,parsed_from_citation,crossref,1.0,False,Determinants of adaptation practices to climate change by Chepang households in the rural Mid-Hills of Nepal
"Poudel, S., & Kotani, K. (2012). Climatic impacts on crop yield and its variability in Nepal: do they vary across seasons and altitudes? Climatic change, 116, 327–355.",10.1007/s10584-012-0491-8,"Climatic impacts on crop yield and its variability in Nepal: do they vary across seasons and altitudes? Climatic change, 116, 327–355.",Peer,https://doi.org/10.1007/s10584-012-0491-8,Stakeholder - Pankaj Koirala,2012,parsed_from_citation,crossref,1.0,False,Climatic impacts on crop yield and its variability in Nepal: do they vary across seasons and altitudes?
"Refsgaard, J. C., Arnbjerg-Nielsen, K., Drews, M., Halsnæs, K., Jeppesen, E., Madsen, H., . . . Christensen, J. H. (2012). The role of uncertainty in climate change adaptation strategies-A Danish water management example. Mitigation and adaptation strategies for global change, 18, 337–359.",10.1007/s11027-012-9366-6,"The role of uncertainty in climate change adaptation strategies-A Danish water management example. Mitigation and adaptation strategies for global change, 18, 337–359.",Peer,https://doi.org/10.1007/s11027-012-9366-6,Stakeholder - Pankaj Koirala,2012,parsed_from_citation,crossref,1.0,False,The role of uncertainty in climate change adaptation strategies—A Danish water management example
"Regmi, P., & Weber, K. (1996). Sustainable agricultural development for small farmers in Nepal: Myth or reality? Agriculture, 25, 89–94.",10.1177/003072709602500204,"Sustainable agricultural development for small farmers in Nepal: Myth or reality? Agriculture, 25, 89–94.",Peer,https://doi.org/10.1177/003072709602500204,Stakeholder - Pankaj Koirala,1996,parsed_from_citation,crossref,1.0,False,Sustainable Agricultural Development for Small Farmers in Nepal: Myth or Reality?
"Reidsma, P., Ewert, F., & Lansink, A. O. (2007). Analysis of farm performance in Europe under different climatic and management conditions to improve understanding of adaptive capacity. Climatic change, 84, 403–422.",10.1007/s10584-007-9242-7,"Analysis of farm performance in Europe under different climatic and management conditions to improve understanding of adaptive capacity. Climatic change, 84, 403–422.",Peer,https://doi.org/10.1007/s10584-007-9242-7,Stakeholder - Pankaj Koirala,2007,parsed_from_citation,crossref,1.0,False,Analysis of farm performance in Europe under different climatic and management conditions to improve understanding of adaptive capacity
"Roco, L., Engler, A., Bravo-Ureta, B., & Jara-Rojas, R. (2014). Farm level adaptation decisions to face climatic change and variability: Evidence from Central Chile. Environmental science and policy.",10.1016/j.envsci.2014.07.008,Farm level adaptation decisions to face climatic change and variability: Evidence from Central Chile. Environmental science and policy.,Peer,https://doi.org/10.1016/j.envsci.2014.07.008,Stakeholder - Pankaj Koirala,2014,parsed_from_citation,crossref,1.0,False,Farm level adaptation decisions to face climatic change and variability: Evidence from Central Chile
"Rogers, M., Curtis, A., & Mazur, N. (2012). The influence of cognitive processes on rural landholder responses to climate change. Journal of environmental management, 111, 258–266.",10.1016/j.jenvman.2012.07.015,"The influence of cognitive processes on rural landholder responses to climate change. Journal of environmental management, 111, 258–266.",Peer,https://doi.org/10.1016/j.jenvman.2012.07.015,Stakeholder - Pankaj Koirala,2012,parsed_from_citation,crossref,1.0,False,The influence of cognitive processes on rural landholder responses to climate change
"Shrestha, U., Shrestha, A., Aryal, S., Shrestha, S., Gautam, M., & Ojha, H. (2019). Climate change in Nepal: A comprehensive analysis of instrumental data and people's perceptions. Climatic change, 154, 315–334.",10.1007/s10584-019-02418-5,"Climate change in Nepal: A comprehensive analysis of instrumental data and people's perceptions. Climatic change, 154, 315–334.",Peer,https://doi.org/10.1007/s10584-019-02418-5,Stakeholder - Pankaj Koirala,2019,parsed_from_citation,crossref,1.0,False,Climate change in Nepal: a comprehensive analysis of instrumental data and people’s perceptions
"Sitko, N., & Chamberlin, J. (2016). The geography of Zambia's customary land: Assessing the prospects for smallholder development. Land use policy, 55, 49–60.",10.1016/j.landusepol.2016.03.026,"The geography of Zambia's customary land: Assessing the prospects for smallholder development. Land use policy, 55, 49–60.",Peer,https://doi.org/10.1016/j.landusepol.2016.03.026,Stakeholder - Pankaj Koirala,2016,parsed_from_citation,crossref,1.0,False,The geography of Zambia’s customary land: Assessing the prospects for smallholder development
"Stringer, L., Fraser, E., Harris, D., Lyon, C., Pereira, L., Ward, C., & Elisabeth, S. (2020). Adaptation and development pathways for different types of farmers. Environmental science and policy, 104, 174–189.",10.1016/j.envsci.2019.10.007,"Adaptation and development pathways for different types of farmers. Environmental science and policy, 104, 174–189.",Peer,https://doi.org/10.1016/j.envsci.2019.10.007,Stakeholder - Pankaj Koirala,2020,parsed_from_citation,crossref,1.0,False,Adaptation and development pathways for different types of farmers
"Sudgen, F., Agarwal, B., Leder, S., Saikia, P., Raut, M., Kumar, A., & Ray, D. (2020). Experiments in farmers' collectives in eastern India and Nepal: Process, benefits, and challenges. Journal of agrarian change, 21, 90–121.",10.1111/joac.12369,"Experiments in farmers' collectives in eastern India and Nepal: Process, benefits, and challenges. Journal of agrarian change, 21, 90–121.",Peer,https://doi.org/10.1111/joac.12369,Stakeholder - Pankaj Koirala,2020,parsed_from_citation,crossref,1.0,False,"Experiments in farmers' collectives in Eastern India and Nepal: Process, benefits, and challenges"
"Tambo, J., & Abdoulaye, T. (2011). Climate change and agricultural technology adoption: the case of drought tolerant maize in rural Nigeria. Mitigation and adaptation strategies for global change, 17, 277–292.",10.1007/s11027-011-9325-7,"Climate change and agricultural technology adoption: the case of drought tolerant maize in rural Nigeria. Mitigation and adaptation strategies for global change, 17, 277–292.",Peer,https://doi.org/10.1007/s11027-011-9325-7,Stakeholder - Pankaj Koirala,2011,parsed_from_citation,crossref,1.0,False,Climate change and agricultural technology adoption: the case of drought tolerant maize in rural Nigeria
"Thomas, D., Twyman, C., Osbahr, H., & Hewitson, B. (2007). Adaptation to climate change and variability: Farmer responses to intra-seasonal precipitation trends in South Africa. Climatic change, 83, 301–322.",10.1007/s10584-006-9205-4,"Adaptation to climate change and variability: Farmer responses to intra-seasonal precipitation trends in South Africa. Climatic change, 83, 301–322.",Peer,https://doi.org/10.1007/s10584-006-9205-4,Stakeholder - Pankaj Koirala,2007,parsed_from_citation,crossref,1.0,False,Adaptation to climate change and variability: farmer responses to intra-seasonal precipitation trends in South Africa
"Thomas, K., Hardy, R., Lazrus, H., Mendez, M., Orlove, B., Rivera-Collazo, I., . . . Winthrop, R. (2018). Explaining differential vulnerability to climate change: A social science review. Wiley Interdisciplinary reviews: Climate change, 10.",10.1002/wcc.565,"Explaining differential vulnerability to climate change: A social science review. Wiley Interdisciplinary reviews: Climate change, 10.",Peer,https://doi.org/10.1002/wcc.565,Stakeholder - Pankaj Koirala,2018,parsed_from_citation,crossref,1.0,False,Explaining differential vulnerability to climate change: A social science review
"Tompkins, E. L., Adger, W. N., Boyd, E., Nicholson-Cole, S., Weatherhead, K., & Arnell, N. (2010). Observed adaptation to climate change: UK evidence of transition to a well-adapting society. Global environmental change, 20, 627–635.",10.1016/j.gloenvcha.2010.05.001,"Observed adaptation to climate change: UK evidence of transition to a well-adapting society. Global environmental change, 20, 627–635.",Peer,https://doi.org/10.1016/j.gloenvcha.2010.05.001,Stakeholder - Pankaj Koirala,2010,parsed_from_citation,crossref,1.0,False,Observed adaptation to climate change: UK evidence of transition to a well-adapting society
"Torres, M., Kallas, Z., Herrera, S., & Guesmi, B. (2019). Is technical efficiency affected by farmers' preference for mitigation and adaptation actions against climate change? A case study in Northwest Mexico. Sustainability, 11, 3291.",10.3390/su11123291,"Is technical efficiency affected by farmers' preference for mitigation and adaptation actions against climate change? A case study in Northwest Mexico. Sustainability, 11, 3291.",Peer,https://doi.org/10.3390/su11123291,Stakeholder - Pankaj Koirala,2019,parsed_from_citation,crossref,1.0,False,Is Technical Efficiency Affected by Farmers’ Preference for Mitigation and Adaptation Actions against Climate Change? A Case Study in Northwest Mexico
"Trinh, T., Ranola, R., Camacho, L., & Simelton, E. (2018). Determinants of farmers' adaptation to climate change in agricultural production in the central region of Vietnam. Land use policy, 70, 224–231.",10.1016/j.landusepol.2017.10.023,"Determinants of farmers' adaptation to climate change in agricultural production in the central region of Vietnam. Land use policy, 70, 224–231.",Peer,https://doi.org/10.1016/j.landusepol.2017.10.023,Stakeholder - Pankaj Koirala,2018,parsed_from_citation,crossref,1.0,False,Determinants of farmers’ adaptation to climate change in agricultural production in the central region of Vietnam
"Uddin, M., Bokelmann, W., & Entsminger, J. (2014). Factors affecting farmers' adaptation strategies to environmental degradation and climate change effects: A farm level study in Bangladesh. Climate, 2, 223–241.",10.3390/cli2040223,"Factors affecting farmers' adaptation strategies to environmental degradation and climate change effects: A farm level study in Bangladesh. Climate, 2, 223–241.",Peer,https://doi.org/10.3390/cli2040223,Stakeholder - Pankaj Koirala,2014,parsed_from_citation,crossref,1.0,False,Factors Affecting Farmers’ Adaptation Strategies to Environmental Degradation and Climate Change Effects: A Farm Level Study in Bangladesh
"Ullah, W., Nafees, M., Khurshid, M., & Nihei, T. (2019). Assessing farmers' perspectives on climate change for effective farm-level adaptation measures in Khyber Pakhtunkhwa, Pakistan. Environmental monitoring and assessment, 191, 547.",10.1007/s10661-019-7651-5,"Assessing farmers' perspectives on climate change for effective farm-level adaptation measures in Khyber Pakhtunkhwa, Pakistan. Environmental monitoring and assessment, 191, 547.",Peer,https://doi.org/10.1007/s10661-019-7651-5,Stakeholder - Pankaj Koirala,2019,parsed_from_citation,crossref,1.0,False,"Assessing farmers’ perspectives on climate change for effective farm-level adaptation measures in Khyber Pakhtunkhwa, Pakistan"
"Wilk, J., Andersson, L., & Warburton, M. (2012). Adaptation to climate change and other stressors among commercial and small-scale South African farmers. Regional environmental change, 13, 273–286.",10.1007/s10113-012-0323-4,"Adaptation to climate change and other stressors among commercial and small-scale South African farmers. Regional environmental change, 13, 273–286.",Peer,https://doi.org/10.1007/s10113-012-0323-4,Stakeholder - Pankaj Koirala,2012,parsed_from_citation,crossref,1.0,False,Adaptation to climate change and other stressors among commercial and small-scale South African farmers
"Wood, S. A., Jina, A. S., Jain, M., Kristjanson, P., & DeFries, R. S. (2014). Smallholder farmer cropping decisions related to climate variability across multiple regions. Global environmental change, 25, 163–172.",10.1016/j.gloenvcha.2013.12.011,"Smallholder farmer cropping decisions related to climate variability across multiple regions. Global environmental change, 25, 163–172.",Peer,https://doi.org/10.1016/j.gloenvcha.2013.12.011,Stakeholder - Pankaj Koirala,2014,parsed_from_citation,crossref,1.0,False,Smallholder farmer cropping decisions related to climate variability across multiple regions
"Xiao-jun, W., Jian-yun, Z., Shahid, S., ElMahdi, A., Rui-min, H., Zhen-xin, B., & Ali, M. (2012). Water resources management strategy for adaptation to droughts in China. Mitigation and adaptation strategies for global change Mitigation and Adaptation Strategies for Global Change, 17, 923–937.",10.1007/s11027-011-9352-4,"Water resources management strategy for adaptation to droughts in China. Mitigation and adaptation strategies for global change Mitigation and Adaptation Strategies for Global Change, 17, 923–937.",Peer,https://doi.org/10.1007/s11027-011-9352-4,Stakeholder - Pankaj Koirala,2012,parsed_from_citation,crossref,1.0,False,Water resources management strategy for adaptation to droughts in China
"Yamogo, T., Fonta, W., & Wunscher, T. (2018). Can social capital influence smallholder farmers' climate-change adaptation decisions? Evidence from three semi-arid communities in Burkina Faso, West Africa. Social science, 7, 33.",10.3390/socsci7030033,"Can social capital influence smallholder farmers' climate-change adaptation decisions? Evidence from three semi-arid communities in Burkina Faso, West Africa. Social science, 7, 33.",Peer,https://doi.org/10.3390/socsci7030033,Stakeholder - Pankaj Koirala,2018,parsed_from_citation,crossref,1.0,False,"Can Social Capital influence Smallholder Farmers’ Climate-Change Adaptation Decisions? Evidence from Three Semi-Arid Communities in Burkina Faso, West Africa"
"Yaro, J. A. (2013). The perception of and adaptation to climate variability/change in Ghana by small-scale and commercial farmers. Regional environmental change, 13, 1259–1272.",10.1007/s10113-013-0443-5,"The perception of and adaptation to climate variability/change in Ghana by small-scale and commercial farmers. Regional environmental change, 13, 1259–1272.",Peer,https://doi.org/10.1007/s10113-013-0443-5,Stakeholder - Pankaj Koirala,2013,parsed_from_citation,crossref,1.0,False,The perception of and adaptation to climate variability/change in Ghana by small-scale and commercial farmers
"Carr, E.R. and Thompson, M.C., 2014. Gender and climate change adaptation in agrarian settings: Current thinking, new directions, and research frontiers. Geography Compass, 8(3), pp.182-197.",10.1111/gec3.12121,"Carr, E.R. and Thompson, M.C., 2014. Gender and climate change adaptation in agrarian settings: Current thinking, new directions, and research frontiers. Geography Compass, 8(3), pp.182-197.",Peer,https://doi.org/10.1111/gec3.12121,Stakeholder - Graham Clarkson,2014,parsed_from_citation,crossref,1.0,False,"Gender and Climate Change Adaptation in Agrarian Settings: Current Thinking, New Directions, and Research Frontiers"
