#,Study,Type,Identified Via,Notes,Scopus Hit,"Population
Hit ","Concept
Hit","Context - Climate
Hit","Context - Agrciulture
Hit","Method
Hit"
1,"Abdul-Razak, M. & Kruse, S. (2017). The adaptive capacity of smallholder farmers to climate change in the Northern Region of Ghana. Climate Risk Management. DOI: 10.1016/j.crm.2017.06.001",Peer,Online Search,,,,,,,
2,"Ali, H., et al. (2023). Impact of climate smart agriculture on households’ resilience… Climate Resilience and Sustainability. DOI: 10.1002/cli2.54",Peer,Online Search,,,,,,,
3,"Asmamaw, M., et al. (2019). Exploring households’ resilience to climate change-induced shocks in Ethiopia (uses a Climate Resilience Index for smallholder households). PLOS ONE. DOI: 10.1371/journal.pone.0219393",Peer,Online Search,,,,,,,
4,"Bezner Kerr, R., et al. (2019). Participatory agroecological research on climate change adaptation improves smallholder farmer household food security and dietary diversity in Malawi. Agriculture, Ecosystems & Environment, 279, 109–121. doi:10.1016/j.agee.2019.04.004.",Peer,"IPCC_AR6_WGII_Chapter5 - Food, Fibre and Other Ecosystem Products",,,Yes,Yes,Mentions climate though not really a focus,Yes,Yes
5,"Bouroncle, C., et al. (2017). Mapping climate change adaptive capacity and vulnerability of smallholder agricultural livelihoods in Central America. Climatic Change. DOI: 10.1007/s10584-016-1792-0",Peer,Online Search,,,,,,,
6,"Chepkoech, W., Mungai, N.W., Stöber, S., & Lotze-Campen, H. (2020). Understanding adaptive capacity of smallholder African indigenous vegetable farmers to climate change in Kenya. Climate Risk Management. DOI: 10.1016/j.crm.2019.100204",Peer,Online Search,,,,,,,
7,"Engle, N., et al. (2014). Towards a resilience indicator framework for making climate-change adaptation decisions. Mitigation and Adaptation Strategies for Global Change. DOI: 10.1007/s11027-013-9475-x",Peer,Online Search,,,,,,,
8,FAO (2017) Tracking Adaptation in Agricultural Sectors: Climate Change Adaptation Indicators,Grey,IPCC_AR6_WGII_Chapter17 - Decision-Making Options for Managing Risk,,,,,,,Guidelines - not an empirically applied method
9,"FAO (2018). Mongolia: Impact of Early Warning Early Action—Protecting the livelihoods of herders from a dzud winter. FAO, 32 pp.",Grey,"IPCC_AR6_WGII_Chapter8 - Poverty, Livelihoods and Sustainable Development",,,,,,,
10,"FAO (2019a) Operational Guidelines for the Design, Implementation and Harmonization of Monitoring and Evaluation Systems for Climate-Smart Agriculture",Grey,IPCC_AR6_WGII_Chapter17 - Decision-Making Options for Managing Risk,,,,,,,Guidelines - not an empirically applied method
11,FAO (2019b) Strengthening Monitoring and Evaluation for Adaptation Planning in the Agriculture Sectors,Grey,IPCC_AR6_WGII_Chapter17 - Decision-Making Options for Managing Risk,,,,,,,
12,"Jacobi, J., et al. (2018). Operationalizing food system resilience: An indicator-based assessment in agroindustrial, smallholder farming, and agroecological contexts in Bolivia and Kenya. Land Use Policy. DOI: 10.1016/j.landusepol.2018.08.044",Peer,Online Search,,,,,,,
13,"Khanal, U., Wilson, C., Hoang, V.-N., & Lee, B. (2021). Smallholder farmers’ adaptation to climate change… Journal of Cleaner Production. DOI: 10.1016/j.jclepro.2021.129388",Peer,Online Search,,,,,,,
14,"Phuong, L.T.H., et al. (2018). Understanding smallholder farmers’ capacity to respond to climate risks… Climate and Development. DOI: 10.1080/17565529.2017.1411240",Peer,Online Search,,,,,,,
15,"Roudier, P., et al. (2014). The role of climate forecasts in smallholder agriculture: Lessons from participatory research in two communities in Senegal. Climate Risk Management, 2, 42–55. doi:10.1016/j.crm.2014.02.001.",Peer,"IPCC_AR6_WGII_Chapter5 - Food, Fibre and Other Ecosystem Products",,,Yes,"Simulation, not intervention",Yes,Yes,Yes
16,"Roudier, P., et al. (2016). Assessing the benefits of weather and seasonal forecasts to millet growers in Niger. Agricultural and Forest Meteorology, 223, 168–180. doi:10.1016/j.agrformet.2016.04.010.",Peer,"IPCC_AR6_WGII_Chapter5 - Food, Fibre and Other Ecosystem Products",,,,,,,Policy level guidelines
17,"Shikuku, K.M., Winowiecki, L., Twyman, J., Eitzinger, A., & Perez, J.G. (2017). Smallholder farmers’ attitudes and determinants of adaptation to climate risks in East Africa. Climate Risk Management. DOI: 10.1016/j.crm.2017.03.001",Peer,Online Search,,,,,,,
18,"Tall, A., & Njinga, J.-L. (2013). Developing a methodology to evaluate climate services for farmers in Africa and South Asia (Workshop Report). CCAFS, 27 pp.",Grey,"IPCC_AR6_WGII_Chapter8 - Poverty, Livelihoods and Sustainable Development",,,,,,,
19,"Tall, A., Coulibaly, J.Y., & Diop, M. (2018). Do climate services make a difference? A review of evaluation methodologies and practices to assess the value of climate information services for farmers: Implications for Africa. Climate Services, 11, 1–12.",Peer,"IPCC_AR6_WGII_Chapter8 - Poverty, Livelihoods and Sustainable Development",,,,,,,
20,"Vaughan et al. (2019a) Evaluating agricultural weather and climate services in Africa: Evidence, methods, and a learning agenda",Peer,IPCC_AR6_WGII_Chapter17 - Decision-Making Options for Managing Risk,,,,,,,"Review piece that talks about methods wrt WCS, but does not use a CCA method itself"
21,"Berrang-Ford, L., Siders, A.R., Lesnikowski, A. et al. A systematic global stocktake of evidence on human adaptation to climate change. Nat. Clim. Chang. 11, 989–1000 (2021). https://doi.org/10.1038/s41558-021-01170-y",Peer,From stakeholder ntoes,"the evidence relating to human adaptation-relevant responses that can (or are) directly reducing risk, exposure, and/or vulnerability to climate change: https://globaladaptation.github.io/",,,,,,
22,"Abid, M., Scheffran, J., Schneider, U., & Elahi, E. (2019). Farmer perceptions of climate change, observed trends and adaptation of agriculture in Pakistan. Environmental management, 63, 110–123.",Peer,Stakeholder - Pankaj Koirala,,,,,,,
23,"Abid, M., Schilling, J., Scheffran, J., & Zulfiqar, F. (2016). Climate change vulnerability, adaptation and risk perceptions at farm level in Punjab, Pakistan. Science of the total environment, 547, 447–460.",Peer,Stakeholder - Pankaj Koirala,,,,,,,
24,"Adger, W. N., Arnell, N. W., & Tompkins, E. L. (2005). Successful adaptation to climate change across scales. Global environmental change, 15, 77–86.",Peer,Stakeholder - Pankaj Koirala,,,,,,,
25,"Adger, W. N., Dessai, S., Goulden, M., Hulme, M., Lorenzoni, I., Nelson, D. R., . . . Wreford, A. (2008). Are there social limits to adaptation to climate change? Climatic change, 93, 335–354.",Peer,Stakeholder - Pankaj Koirala,,,,,,,
26,"Adimassu, Z., & Kessler, A. (2016). Factors affecting farmers' coping and adaptation strategies to perceived trends of declining rainfall and crop productivity in the central Rift valley of Ethiopia. Environmental systems research, 5, 13.",Peer,Stakeholder - Pankaj Koirala,,,,,,,
27,"Ahmed, Z., Guha, G., Shew, A., & Alam, G. (2021). Climate change risk perceptions and agricultural adaptation strategies in vulnerable riverine char islands of Bangladesh. Land use policy, 103, 105295.",Peer,Stakeholder - Pankaj Koirala,,,,,,,
28,"Alauddin, M., & Sarker, M. (2014). Climate change and farm-level adaptation decisions and strategies in drought-prone and groundwater-depleted areas of Bangladesh: an empirical investigation. Ecological economics, 106, 204–213.",Peer,Stakeholder - Pankaj Koirala,,,,,,,
29,"Alauddin, M., Sarker, M., Islam, Z., & Tisdell, C. (2020). Adoption of alternate wetting and drying (AWD) irrigation as a water-saving technology in Bangladesh: Economic and environmental considerations. Land use policy, 91, 104430.",Peer,Stakeholder - Pankaj Koirala,,,,,,,
30,"Alemayehu, A., & Bewket, W. (2017). Determinants of smallholder farmers' choice of coping and adaptation strategies to climate change and variability in the central highlands of Ethiopia. Environmental development, 24, 77–85.",Peer,Stakeholder - Pankaj Koirala,,,,,,,
31,"Ali, A., & Erenstein, O. (2017). Assessing farmer use of climate change adaptation practices and impacts on food security and poverty in Pakistan. Climate risk management, 16, 183–194.",Peer,Stakeholder - Pankaj Koirala,,,,,,,
32,"Alpizar, F., Carlsson, F., & Naranjo, M. (2011). The effect of ambiguous risk, and coordination on farmers' adaptation to climate change-A framed field experiment. Ecological economics, 70, 2317–2326.",Peer,Stakeholder - Pankaj Koirala,,,,,,,
33,"Amare, A., & Simane, B. (2017). Determinants of smallholder farmers' decision to adopt adaptation options to climate change and variability in the Muger sub basin of the upper Blue Nile basin of Ethiopia. Agriculture and food security, 6, 1–20.",Peer,Stakeholder - Pankaj Koirala,,,,,,,
34,"Anseeuw, W., Jayne, T., Kachule, R., & Kotsopoulos, J. (2016). The quiet rise of medium-scale farms in Malawi. Land, 5, 19.",Peer,Stakeholder - Pankaj Koirala,,,,,,,
35,"Antwi-Agyei, P., Dougill, A. J., & Stringer, L. C. (2014). Barriers to climate change adaptation: Evidence from northeast Ghana in the context of a systematic literature review. Climate and development, 7, 297–309.",Peer,Stakeholder - Pankaj Koirala,,,,,,,
36,"Argiles‐Bosch, J. (2012). The influence of size on cost behaviour associated with tactical and operational fexibility. Estudios de economia, 38, 419–455.",Peer,Stakeholder - Pankaj Koirala,,,,,,,
37,"Arimi, K. (2013). Determinants of climate change adaptation strategies used by fish farmers in Epe Local Government Area of Lagos State, Nigeria. Journal of science of food and agriculture, 94, 1470–1476.",Peer,Stakeholder - Pankaj Koirala,,,,,,,
38,"Armitage, D., Berkes, F., Dale, A., Kocho-Schellenberg, E., & Patton, E. (2011). Co-management and the co-production of knowledge: Learning to adapt in Canada's Arctic. Global environmental change, 21, 995–1004. doi:10.1016/j.gloenvcha.2011.04.006",Peer,Stakeholder - Pankaj Koirala,,,,,,,
39,"Arunrat, N., Wang, C., Pumijumnong, N., Sereenonchai, S., & Cai, W. (2017). Farmers' intention and decision to adapt to climate change: A case study in the Yom and Nan basins, Phichit province of Thailand. Journal of cleaner production , 143, 672–685. doi:10.1016/j.jclepro.2016.12.058",Peer,Stakeholder - Pankaj Koirala,,,,,,,
40,"Asfaw, A., Simane, B., Bantider, A., & Hassen, A. (2018). Determinants in the adoption of climate change adaptation strategies: Evidence from rainfed-dependent smallholder farmers in north-central Ethiopia (Woleka sub-basin). Environment, development and sustainability, 21, 2535–2565.",Peer,Stakeholder - Pankaj Koirala,,,,,,,
41,"Asfaw, S., McCarthy, N., Lipper, L., Arslan, A., & Cattaneo, A. (2016). What determines farmers' adaptive capacity? Empirical evidence from Malawi. Food security, 8, 643–664.",Peer,Stakeholder - Pankaj Koirala,,,,,,,
42,"Ashraf, M., Routray, J., & Saeed, M. (2014). Determinants of farmers' choice of coping and adaptation measures to the drought hazard in northwest Balochistan, Pakistan. Natural hazards, 73, 1451–1473.",Peer,Stakeholder - Pankaj Koirala,,,,,,,
43,"Asrat, P., & Simane, B. (2018). Farmers' perception of climate change and adaptation strategies in the Dabus watershed, North-West Ethiopia. Ecological processes, 7. doi:10.1186/s13717-018-0118-8",Peer,Stakeholder - Pankaj Koirala,,,,,,,
44,"Assunchao, J., & Ghatak, M. (2003). Can unobserved heterogeneity in farmer ability explain the inverse relationship between farm size and productivity? Economics letters, 80, 189–194.",Peer,Stakeholder - Pankaj Koirala,,,,,,,
45,"Averyt, K. (2010). Are we successfully adapting science to climate change? Bulletin of the american meteorological society, 91, 723–726.",Peer,Stakeholder - Pankaj Koirala,,,,,,,
46,"Azadi, Y., Yazdanpanah, M., & Mahmoudi, H. (2019). Understanding smallholder farmers' adaptation behaviors through climate change beliefs, risk perception, trust, and psychological distance: Evidence from wheat growers in Iran. Journal of environmental management, 250, 109456.",Peer,Stakeholder - Pankaj Koirala,,,,,,,
47,"Baba, K., & Tanaka, M. (2019). Attitudes of farmers and rural area residents toward climate change adaptation measures: Their preferences and determinants of their attitudes. Climate, 7, 71. doi:10.3390/cli7050071",Peer,Stakeholder - Pankaj Koirala,,,,,,,
48,"Balasubramanian, T., Nambi, A., & Paul, D. (2007). A suggested index for assessment of vulnerability of a location to climate change. Journal of agrometeorology, 9, 129–137.",Peer,Stakeholder - Pankaj Koirala,,,,,,,
49,"Bandiera, O., & Rasul, I. (2006). Social networks and technology adoption in northern Mozambique. Economic journal, 116, 869–902.",Peer,Stakeholder - Pankaj Koirala,,,,,,,
50,"Bardhan, P. (1973). Size, productivity, and returns to scale: An analysis of farm-level data in Indian agriculture. Journal of political economy, 81, 1370–1386.",Peer,Stakeholder - Pankaj Koirala,,,,,,,
51,"Barnwal, P., & Kotani, K. (2013). Climatic impacts across agricultural crop yield distributions: An application of quantile regression on rice crops in Andhra Pradesh, India. Ecological economics, 87, 95–109.",Peer,Stakeholder - Pankaj Koirala,,,,,,,
52,"Bazezew, A., Bewket, W., & Nicolau, M. (2013). Rural households' livelihood assets, strategies and outcomes in drought-prone areas of the Amhara region, Ethiopia: Case study in Lay Gaint district. African journal of agricultural research, 8, 5716–5727.",Peer,Stakeholder - Pankaj Koirala,,,,,,,
53,"Belay, A., Recha, J., Woldeamanuel, T., & Morton, J. (2017). Smallholder farmers' adaptation to climate change and determinants of their adaptation decisions in the central Rift Valley of Ethiopia. Agriculture and food security, 6, 24.",Peer,Stakeholder - Pankaj Koirala,,,,,,,
54,"Bello, M., Salau, E., Galadima, O., & Ali, I. (2013). Knowledge, perception and adaptation strategies to climate change among farmers of Central State Nigeria. Sustainable agriculture research, 2, 107.",Peer,Stakeholder - Pankaj Koirala,,,,,,,
55,"Below, T., Mutabazi, K., Kirschke, D., Franke, C., Sieber, S., Siebert, R., & Tscherning, K. (2012). Can farmers’ adaptation to climate change be explained by socio-economic household-level variables? Global environmental change, 22, 223–235.",Peer,Stakeholder - Pankaj Koirala,,,,,,,
56,"Berrang-Ford, L., Ford, J., & Paterson, J. (2011). Are we adapting to climate change? Global environmental change, 21, 25–33.",Peer,Stakeholder - Pankaj Koirala,,,,,,,
57,"Biggs, E., Tompkins, E., Allen, J., Moon, C., & Allen, R. (2013). Agricultural adaptation to climate change: Observations from the Mid-Hills of Nepal. Climate and development, 5, 165–173.",Peer,Stakeholder - Pankaj Koirala,,,,,,,
58,"Boussard, J.-M., & Petit, M. (1967). Representation of farmers' behavior under uncertainty with a focus-loss constraint. Journal of farm economics, 49, 869.",Peer,Stakeholder - Pankaj Koirala,,,,,,,
59,"Brooks, N., Adger, W., & Kelly, P. (2005). The determinants of vulnerability and adaptive capacity at the national level and the implications for adaptation. Global environmental change, 15, 151–163. doi:10.1016/j.gloenvcha.2004.12.006",Peer,Stakeholder - Pankaj Koirala,,,,,,,
60,"Bryan, E., Deressa, T., Gbetibouo, G., & Ringler, C. (2009). Adaptation to climate change in Ethiopia and South Africa: Options and constraints. Environmental science and policy, 12, 413–426.",Peer,Stakeholder - Pankaj Koirala,,,,,,,
61,"Bryan, E., Ringler, C., Okoba, B., Roncoli, C., Silvestri, S., & Herrero, M. (2013). Adapting agriculture to climate change in Kenya: Household strategies and determinants. Journal of environmental management, 114, 26–35.",Peer,Stakeholder - Pankaj Koirala,,,,,,,
62,"Bryant, C., Sarr, M., & Delusca, K. (2016). Agricultural adaptation to climate change. Springer International Publishing.",Peer,Stakeholder - Pankaj Koirala,,,,,,,
63,"Budhathoki, N. K., Paton, D., Lassa, J. A., Bhatta, G. D., & Zander, K. K. (2020). Heat, cold, and floods: exploring farmers' motivations to adapt to extreme weather events in the Terai region of Nepal. Natural hazards, 103, 3213–3237. doi:10.1007/s11069-020-04127-0",Peer,Stakeholder - Pankaj Koirala,,,,,,,
64,"Burton, R. J. (2014). The influence of farmer demographic characteristics on environmental behaviour: A review. Journal of environmental management, 135, 19–26. doi:10.1016/j.jenvman.2013.12.005",Peer,Stakeholder - Pankaj Koirala,,,,,,,
65,"Carter, M. R. (1984). Identification of the inverse relationship between farm size and productivity: An empirical analysis of peasant agricultural production. Oxford economic press, 36, 131–145.",Peer,Stakeholder - Pankaj Koirala,,,,,,,
66,"Central Bureau of Statistics. (2013). National sample census of agriculture. Central Bureau of Statistics, Nepal.",Peer,Stakeholder - Pankaj Koirala,,,,,,,
67,"Chambers, R. (1987). Sustainable livelihoods, environment and development: Putting poor rural people first. unpublished.",Peer,Stakeholder - Pankaj Koirala,,,,,,,
68,"Chen, M., Wichmann, B., Luckert, M., Winowiecki, L., Förch, W., & Läderach, P. (2018, May). Diversification and intensification of agricultural adaptation from global to local scales. (P. C. Struik, Ed.) PLOS ONE, 13, e0196392. doi:10.1371/journal.pone.0196392",Peer,Stakeholder - Pankaj Koirala,,,,,,,
69,"Chen, W.-Y., Suzuki, T., & Lackner, M. (2017). Handbook of climate change mitigation and adaptation. Springer International Publishing.",Peer,Stakeholder - Pankaj Koirala,,,,,,,
70,"Cinner, J., Adger, W., Allison, E., Barnes, M., Brown, K., Cohen, P., . . . Morrison, T. (2018). Building adaptive capacity to climate change in tropical coastal communities. Nature climate change, 8, 117–123.",Peer,Stakeholder - Pankaj Koirala,,,,,,,
71,"Cowie, A. L., Orr, B. J., Sanchez, V. M., Chasek, P., Crossman, N. D., Erlewein, A., . . . Welton, S. (2018). Land in balance: The scientific conceptual framework for land degradation neutrality. Environmental science and policy, 79, 25–35. doi:10.1016/j.envsci.2017.10.011",Peer,Stakeholder - Pankaj Koirala,,,,,,,
72,"Dale, V. (1997). The relationship between land-use change and climate change. Ecological applications, 7, 753–769. doi:10.1890/1051-0761(1997)007[0753:trbluc]2.0.co;2",Peer,Stakeholder - Pankaj Koirala,,,,,,,
73,"Dang, H. L., Li, E., Nuberg, I., & Bruwer, J. (2019). Factors influencing the adaptation of farmers in response to climate change: A review. Climate and development, 11, 765–774. doi:10.1080/17565529.2018.1562866",Peer,Stakeholder - Pankaj Koirala,,,,,,,
74,"Dang, H., Li, E., Nuberg, I., & Bruwer, J. (2014). Understanding farmers' adaptation intention to climate change: A structural equation modelling study in the Mekong Delta, Vietnam. Environmental science and policy, 41, 11–22.",Peer,Stakeholder - Pankaj Koirala,,,,,,,
75,"de Jalon, S., Silvestri, S., Granados, A., & Iglesias, A. (2014). Behavioural barriers in response to climate change in agricultural communities: An example from Kenya. Regional environmental change, 15, 851–865.",Peer,Stakeholder - Pankaj Koirala,,,,,,,
76,"Demuzere, M., Orru, K., Heidrich, O., Olazabal, E., Geneletti, D., Orru, H., . . . Faehnle, M. (2014). Mitigating and adapting to climate change: Multi-functional and multi-scale assessment of green urban infrastructure. Journal of environmental management, 146, 107–115. doi:10.1016/j.jenvman.2014.07.025",Peer,Stakeholder - Pankaj Koirala,,,,,,,
77,"Deressa, T., Hassan, R., & Ringler, C. (2010). Perception of and adaptation to climate change by farmers in the Nile basin of Ethiopia. Journal of agricultural science, 149, 23–31.",Peer,Stakeholder - Pankaj Koirala,,,,,,,
78,"Deressa, T., Hassan, R., Ringler, C., Alemu, T., & Yesuf, M. (2009). Determinants of farmers' choice of adaptation methods to climate change in the Nile basin of Ethiopia. Global environmental change, 19, 248–255.",Peer,Stakeholder - Pankaj Koirala,,,,,,,
79,"Devkota, S., & Upadhyay, M. (2013). Agricultural productivity and poverty reduction in Nepal. Review of development economics, 17, 732–746. doi:10.1111/rode.12062",Peer,Stakeholder - Pankaj Koirala,,,,,,,
80,"Diallo, A., Donkor, E., & Owusu, V. (2020). Climate change adaptation strategies, productivity and sustainable food security in southern Mali. Climatic Change, 159, 309–327.",Peer,Stakeholder - Pankaj Koirala,,,,,,,
81,"Diprose, K., Liu, C., Valentine, G., Vanderbeck, R. M., & McQuaid, K. (2019). Caring for the future: Climate change and intergenerational responsibility in China and the UK. Geoforum, 105, 158–167.",Peer,Stakeholder - Pankaj Koirala,,,,,,,
82,"Djezou, W. B., & N’Goran, F. (2024, November). Climate Change Adaptation Mechanisms for Smallholder Farmers in Côte d’Ivoire. Asian Journal of Agricultural Extension, Economics &amp; Sociology, 42, 263–283. doi:10.9734/ajaees/2024/v42i112612",Peer,Stakeholder - Pankaj Koirala,,,,,,,
83,"Duc, K. N., Ancev, T., & Randall, A. (2021, October). Farmers’ choices of climate-resilient strategies: Evidence from Vietnam. Journal of Cleaner Production, 317, 128399. doi:10.1016/j.jclepro.2021.128399",Peer,Stakeholder - Pankaj Koirala,,,,,,,
84,"Eitzinger, A., Binder, C., & Meyer, M. (2018). Risk perception and decision-making: Do farmers consider risks from climate change? Climatic change, 151, 507–524.",Peer,Stakeholder - Pankaj Koirala,,,,,,,
85,"Evans, L., Hicks, C., Adger, W., Barnett, J., Perry, A., Fidelman, P., & Tobin, R. (2016). Structural and psycho-social limits to climate change adaptation in the great barrier Reef Region. PLoS ONE, 11, e0150575. doi:10.1371/journal.pone.0150575",Peer,Stakeholder - Pankaj Koirala,,,,,,,
86,"Fahad, S., & Wang, J. (2018). Farmers' risk perception, vulnerability, and adaptation to climate change in rural Pakistan. Land use policy, 79, 301–309. doi:10.1016/j.landusepol.2018.08.018",Peer,Stakeholder - Pankaj Koirala,,,,,,,
87,"Feola, G., Lerner, A., Jain, M., Montefrio, M., & Nicholas, K. (2015). Researching farmer behaviour in climate change adaptation and sustainable agriculture: Lessons learned from five case studies. Journal of rural studies, 39, 74–84. doi:10.1016/j.jrurstud.2015.03.009",Peer,Stakeholder - Pankaj Koirala,,,,,,,
88,"Filho, W. L. (Ed.). (2015). Handbook of climate change adaptation. Springer Berlin Heidelberg.",Peer,Stakeholder - Pankaj Koirala,,,,,,,
89,"Ford, J. D., Berrang-Ford, L., Lesnikowski, A., Barrera, M., & Heymann, S. J. (2013). How to track adaptation to climate change: a typology of approaches for national-level application. Ecology and Society, 18.",Peer,Stakeholder - Pankaj Koirala,,,,,,,
90,"Foster, A., & Rosenzweig, M. (1995). Learning by doing and learning from others: Human capital and technical change in agriculture. Journal of political economy, 103, 1176–1209.",Peer,Stakeholder - Pankaj Koirala,,,,,,,
91,"Fussel, H. (2007). Vulnerability: A generally applicable conceptual framework for climate change research. Global environmental change, 17, 155–167.",Peer,Stakeholder - Pankaj Koirala,,,,,,,
92,"GC, & Yeo. (2019). Perception to adaptation of climate change in Nepal: An empirical analysis using multivariate probit model. Sci, 1, 57.",Peer,Stakeholder - Pankaj Koirala,,,,,,,
93,"Gebrehiwot, T., & van der Veen, A. (2013). Farm level adaptation to climate change: The case of farmer's in the Ethiopian highlands. Environmental management, 52, 29–44.",Peer,Stakeholder - Pankaj Koirala,,,,,,,
94,"Gebrehiwot, T., & van der Veen, A. (2014). Farmers prone to drought risk: Why some farmers undertake farm-level risk-reduction measures while others not? Environmental management, 55, 588–602.",Peer,Stakeholder - Pankaj Koirala,,,,,,,
95,"Ghahramani, A., Howden, M., del Prado, A., Thomas, D., Moore, A., Ji, B., & Ates, S. (2019). Climate change impact, adaptation, and mitigation in temperate grazing systems: A review. Sustainability, 11, 7224.",Peer,Stakeholder - Pankaj Koirala,,,,,,,
96,"Ghanian, M., Ghoochani, O., Dehghanpour, M., Taqipour, M., Taheri, F., & Cotton, M. (2020, May). Understanding farmers' climate adaptation intention in Iran: A protection-motivation extended model. Land use policy, 94, 104553. doi:10.1016/j.landusepol.2020.104553",Peer,Stakeholder - Pankaj Koirala,,,,,,,
97,"Gharti, A., & Yeo, J.-H. (2020). Perception to adaptation of climate change in Nepal: An empirical analysis using multivariate probit model. Sci, 2, 87.",Peer,Stakeholder - Pankaj Koirala,,,,,,,
98,"Government of India. (2016). All India report on agriculture census 2015-16. Tech. rep., Minisity of Agriculture and Farmers' Welfare, India.",Peer,Stakeholder - Pankaj Koirala,,,,,,,
99,"Government of Nepal. (2014). Agriculture development strategy (2015-2035). Tech. rep., Ministry of Agriculture.",Peer,Stakeholder - Pankaj Koirala,,,,,,,
100,"Greiner, R. (2015). Motivations and attitudes influence farmers' willingness to participate in biodiversity conservation contracts. Agricultural systems, 137, 154–165. doi:10.1016/j.agsy.2015.04.005",Peer,Stakeholder - Pankaj Koirala,,,,,,,
101,"Grothmann, T., & Patt, A. (2005). Adaptive capacity and human cognition: The process of individual adaptation to climate change. Global environmental change, 15, 199–213.",Peer,Stakeholder - Pankaj Koirala,,,,,,,
102,"Grothmann, T., & Reusswig, F. (2006). People at risk of flooding: Why some residents take precautionary action while others do not. Natural hazards, 38, 101–120.",Peer,Stakeholder - Pankaj Koirala,,,,,,,
103,"Guo, R., Li, Y., Shang, L., Feng, C., & Wang, X. (2021). Local farmer's perception and adaptive behavior toward climate change. Journal of cleaner production , 287, 125332.",Peer,Stakeholder - Pankaj Koirala,,,,,,,
104,"Hahn, M., Riederer, A., & Foster, S. (2009). The Livelihood Vulnerability Index: A pragmatic approach to assessing risks from climate variability and change-A case study in Mozambique. Global environmental change, 19, 74–88.",Peer,Stakeholder - Pankaj Koirala,,,,,,,
105,"Hallegatte, S. (2009). Strategies to adapt to an uncertain climate change. Global environmental change, 19, 240–247. doi:10.1016/j.gloenvcha.2008.12.003",Peer,Stakeholder - Pankaj Koirala,,,,,,,
106,"Hansen, J., Sato, M., & Ruedy, R. (2012). Perception of climate change. Proceedings of the National Academy of Sciences, 109, 2415–2423. doi:10.1073/pnas.1205276109",Peer,Stakeholder - Pankaj Koirala,,,,,,,
107,"Haq, S., & Ahmed, K. (2016). Does the perception of climate change vary with the socio-demographic dimensions? A study on vulnerable populations in Bangladesh. Natural hazards, 85, 1759–1785. doi:10.1007/s11069-016-2664-7",Peer,Stakeholder - Pankaj Koirala,,,,,,,
108,"Hazell, P., & Scandizzo, P. (1977). Farmers' expectations, risk aversion, and market equilibrium under risk. American journal of agricultural economics, 59, 204–209. doi:10.2307/1239629",Peer,Stakeholder - Pankaj Koirala,,,,,,,
109,"Headey, D., & Jayne, T. (2014). Adaptation to land constraints: Is Africa different? Food policy, 48, 18–33. doi:10.1016/j.foodpol.2014.05.005",Peer,Stakeholder - Pankaj Koirala,,,,,,,
110,"Iglesias, A., & Garrote, L. (2015). Adaptation strategies for agricultural water management under climate change in Europe. Agricultural water management, 155, 113–124. doi:10.1016/j.agwat.2015.03.014",Peer,Stakeholder - Pankaj Koirala,,,,,,,
111,"IPCC. (2014). Climate change 2014 – Impacts, adaptation and vulnerability: Regional aspects. Cambridge University Press.",Peer,Stakeholder - Pankaj Koirala,,,,,,,
112,"Islam, F., Alam, G. M., Begum, R., Sarker, M. N., & Bhandari, H. (2022, May). Farm level adaptation to climate change: insight from rice farmers in the coastal region of Bangladesh. Local Environment, 27, 671–681. doi:10.1080/13549839.2022.2068139",Peer,Stakeholder - Pankaj Koirala,,,,,,,
113,"Islam, M., Kotani, K., & Managi, S. (2016). Climate perception and flood mitigation cooperation: A Bangladesh case study. Economic analysis and policy, 49, 117–133.",Peer,Stakeholder - Pankaj Koirala,,,,,,,
114,"Islam, Z., Sabiha, N. E., & Salim, R. (2022, December). Integrated environment-smart agricultural practices: A strategy towards climate-resilient agriculture. Economic Analysis and Policy, 76, 59–72. doi:10.1016/j.eap.2022.07.011",Peer,Stakeholder - Pankaj Koirala,,,,,,,
115,"Jain, M., Naeem, S., Orlove, B., Modi, V., & DeFries, R. S. (2015). Understanding the causes and consequences of differential decision-making in adaptation research: Adapting to a delayed monsoon onset in Gujarat, India. Global environmental change, 31, 98–109. doi:10.1016/j.gloenvcha.2014.12.008",Peer,Stakeholder - Pankaj Koirala,,,,,,,
116,"Jayne, T., Chamberlin, J., Traub, L., Sitko, N., Muyanga, M., Yeboah, F., . . . Kachule, R. (2016). Africa's changing farm size distribution patterns: The rise of medium-scale farms. Agricultural economics , 47, 197–214.",Peer,Stakeholder - Pankaj Koirala,,,,,,,
117,"Jianjun, J., Yiwei, G., Xiaomin, W., & Nam, P. K. (2015). Farmers' risk preferences and their climate change adaptation strategies in the Yongqiao District, China. Land use policy, 47, 365–372.",Peer,Stakeholder - Pankaj Koirala,,,,,,,
118,"Jiao, X., Zheng, Y., & Liu, Z. (2020). Three-stage quantitative approach of understanding household adaptation decisions in rural Cambodia. International journal of climate change strategies and management, 12, 39–58. doi:10.1108/ijccsm-01-2019-0004",Peer,Stakeholder - Pankaj Koirala,,,,,,,
119,"Jones, L., & Boyd, E. (2011). Exploring social barriers to adaptation: Insights from Western Nepal. Global environmental change, 21, 1262–1274. doi:10.1016/j.gloenvcha.2011.06.002",Peer,Stakeholder - Pankaj Koirala,,,,,,,
120,"Jordán, C., Engler, A., Bopp, C., Poortvliet, P. M., & Jara-Rojas, R. (2025, June). Adaptation behavior to prolonged drought conditions: Farmers’ responses to water scarcity in Central Chile. Environment, Development and Sustainability. doi:10.1007/s10668-025-06421-y",Peer,Stakeholder - Pankaj Koirala,,,,,,,
121,"Jr, J. A., Morton, L., & Hobbs, J. (2013). Farmer beliefs and concerns about climate change and attitudes toward adaptation and mitigation: Evidence from Iowa. Climatic change, 118, 551–563.",Peer,Stakeholder - Pankaj Koirala,,,,,,,
122,"Kabir, M., Alauddin, M., & Crimp, S. (2017). Farm-level adaptation to climate change in Western Bangladesh: An analysis of adaptation dynamics, profitability and risks. Land use policy, 64, 212–224.",Peer,Stakeholder - Pankaj Koirala,,,,,,,
123,"Karimi, V., Karami, E., & Keshavarz, M. (2018). Climate change and agriculture: Impacts and adaptive responses in Iran. Journal of integrative agriculture, 17, 1–15. doi:10.1016/s2095-3119(17)61794-5",Peer,Stakeholder - Pankaj Koirala,,,,,,,
124,"Kelkar, U., Narula, K., Sharma, V., & Chandna, U. (2008). Vulnerability and adaptation to climate variability and water stress in Uttarakhand State, India. Global environmental change, 18, 564–574. doi:10.1016/j.gloenvcha.2008.09.003",Peer,Stakeholder - Pankaj Koirala,,,,,,,
125,"Khan, I., Lei, H., Shah, I., Ali, I., Khan, I., Muhammad, I., . . . Javed, T. (2020). Farm households' risk perception, attitude and adaptation strategies in dealing with climate change: Promise and perils from rural Pakistan. Land use policy, 91, 104395. doi:10.1016/j.landusepol.2019.104395",Peer,Stakeholder - Pankaj Koirala,,,,,,,
126,"Khanal, N., Nepal, P., Zhang, Y., Nepal, G., Paudel, B., Liu, L., & Rai, R. (2020). Policy provisions for agricultural development in Nepal: A review. Journal of cleaner production , 261, 121241. doi:10.1016/j.jclepro.2020.121241",Peer,Stakeholder - Pankaj Koirala,,,,,,,
127,"Khanal, U. (2018). Why are farmers keeping cultivatable lands fallow even though there is food scarcity in Nepal? Food security, 10, 603–614.",Peer,Stakeholder - Pankaj Koirala,,,,,,,
128,"Khanal, U., & Wilson, C. (2019). Derivation of a climate change adaptation index and assessing determinants and barriers to adaptation among farming households in Nepal. Environmental science and policy, 101, 156–165.",Peer,Stakeholder - Pankaj Koirala,,,,,,,
129,"Khanal, U., Wilson, C., Hoang, V.-N., & Lee, B. (2017). Impact of community-based organizations on climate change adaptation in agriculture: Empirical evidence from Nepal. Environment, development and sustainability, 21, 621–635.",Peer,Stakeholder - Pankaj Koirala,,,,,,,
130,"Khanal, U., Wilson, C., Hoang, V.-N., & Lee, B. (2018). Farmers' adaptation to climate change, its determinants and impacts on rice yield in Nepal. Ecological economics, 144, 139–147.",Peer,Stakeholder - Pankaj Koirala,,,,,,,
131,"Khanal, U., Wilson, C., Hoang, V.-N., & Lee, B. L. (2018, May). Autonomous adaptations to climate change and rice productivity: A case study of the Tanahun district, Nepal. Climate and Development, 11, 555–563. doi:10.1080/17565529.2018.1469965",Peer,Stakeholder - Pankaj Koirala,,,,,,,
132,"Khanal, U., Wilson, C., Lee, B. L., & Hoang, V.-N. (2018). Climate change adaptation strategies and food productivity in Nepal: a counterfactual analysis. Climatic change, 148, 575–590.",Peer,Stakeholder - Pankaj Koirala,,,,,,,
133,"Khanal, U., Wilson, C., Lee, B., & Hoang, V.-N. (2017). Smallholder farmers' participation in climate change adaptation programmes: Understanding preferences in Nepal. Climate policy, 18, 916–927. doi:10.1080/14693062.2017.1389688",Peer,Stakeholder - Pankaj Koirala,,,,,,,
134,"Khanal, U., Wilson, C., Lee, B., & Hoang, V.-N. (2018). Do climate change adaptation practices improve technical efficiency of smallholder farmers? Evidence from Nepal. Climatic change, 147, 507–521.",Peer,Stakeholder - Pankaj Koirala,,,,,,,
135,"Koirala, P., Kotani, K., & Managi, S. (2022, June). How do farm size and perceptions matter for farmers’ adaptation responses to climate change in a developing country? Evidence from Nepal. Economic Analysis and Policy, 74, 188–204. doi:10.1016/j.eap.2022.01.014",Peer,Stakeholder - Pankaj Koirala,,,,,,,
136,"Kulshreshtha, S., & Brown, W. (1994). Adoption of irrigation: A review of the South Saskatchewan river irrigation district. Canadian water resources journal, 19, 125–140. doi:10.4296/cwrj1902125",Peer,Stakeholder - Pankaj Koirala,,,,,,,
137,"Kumar, A., Takeshima, H., Thapa, G., Adhikari, N., Saroj, S., Karkee, M., & Joshi, P. (2020). Adoption and diffusion of improved technologies and production practices in agriculture: Insights from a donor-led intervention in Nepal. Land use policy, 95, 104621. doi:10.1016/j.landusepol.2020.104621",Peer,Stakeholder - Pankaj Koirala,,,,,,,
138,"Kumar, A., Thapa, G., Mishra, A., & Joshi, P. (2020). Assessing food and nutrition security in Nepal: evidence from diet diversity and food expenditure patterns. Food security, 12, 327–354. doi:10.1007/s12571-019-01004-y",Peer,Stakeholder - Pankaj Koirala,,,,,,,
139,"Kung, J. K.-s., & Liu, S. (2017). Farmers’ preferences regarding ownership and land tenure in post-Mao China: Unexpected evidence from eight counties. In Chinese economic history since 1949 (pp. 469–502). Brill.",Peer,Stakeholder - Pankaj Koirala,,,,,,,
140,"Kuruppu, N., & Liverman, D. (2011). Mental preparation for climate adaptation: The role of cognition and culture in enhancing adaptive capacity of water management in Kiribati. Global environmental change, 21, 657–669. doi:10.1016/j.gloenvcha.2010.12.002",Peer,Stakeholder - Pankaj Koirala,,,,,,,
141,"Lesnikowski, A., Ford, J., Berrang-Ford, L., Barrera, M., & Heymann, J. (2013). How are we adapting to climate change? A global assessment. Mitigation and adaptation strategies for global change, 20, 277–293.",Peer,Stakeholder - Pankaj Koirala,,,,,,,
142,"Liu, P., Teng, M., & Han, C. (2020). How does environmental knowledge translate into pro-environmental behaviors?: The mediating role of environmental attitudes and behavioral intentions. Science of the total environment, 728, 138126. doi:10.1016/j.scitotenv.2020.138126",Peer,Stakeholder - Pankaj Koirala,,,,,,,
143,"Lowder, S., Skoet, J., & Raney, T. (2016). The number, size, and distribution of farms, smallholder farms, and family farms worldwide. World development, 87, 16–29. doi:10.1016/j.worlddev.2015.10.041",Peer,Stakeholder - Pankaj Koirala,,,,,,,
144,"Ma, M., Lin, J., & Sexton, R. (2021). The transition from small to large farms in developing economies: A welfare analysis. American journal of agricultural economics. doi:10.1111/ajae.12195",Peer,Stakeholder - Pankaj Koirala,,,,,,,
145,"Maddison, D. (2007). The perception of and adaptation to climate change in Africa. The Word Book.",Peer,Stakeholder - Pankaj Koirala,,,,,,,
146,"Manandhar, S., Vogt, D., Perret, S., & Kazama, F. (2010). Adapting cropping systems to climate change in Nepal: A cross-regional study of farmers' perception and practices. Regional environmental change, 11, 335–348.",Peer,Stakeholder - Pankaj Koirala,,,,,,,
147,"Marotzke, J., Semmann, D., & Milinski, M. (2020). The economic interaction between climate change mitigation, climate migration and poverty. Nature climate change, 10, 518–525. doi:10.1038/s41558-020-0783-3",Peer,Stakeholder - Pankaj Koirala,,,,,,,
148,"Massetti, E., & Mendelsohn, R. (2018, July). Measuring Climate Adaptation: Methods and Evidence. Review of Environmental Economics and Policy, 12, 324–341. doi:10.1093/reep/rey007",Peer,Stakeholder - Pankaj Koirala,,,,,,,
149,"McCarthy, J., Canziani, O., Leary, N., Dokken, D., & White, K. (2001). Climate change 2001: Impacts, adaptation, and vulnerability: Contribution of working group II to the third assessment report of the intergovernmental panel on climate change (Vol. 2). Cambridge University Press.",Peer,Stakeholder - Pankaj Koirala,,,,,,,
150,"Meyfroidt, P., Lambin, E. F., Erb, K.-H., & Hertel, T. W. (2013). Globalization of land use: distant drivers of land change and geographic displacement of land use. Current opinion in environmental sustainability, 5, 438–444. doi:10.1016/j.cosust.2013.04.003",Peer,Stakeholder - Pankaj Koirala,,,,,,,
151,"Michetti, M., & Ghinoi, S. (2020). Climate-driven vulnerability and risk perception: implications for climate change adaptation in rural Mexico. Journal of environmental studies and sciences, 10, 290–302. doi:10.1007/s13412-020-00607-8",Peer,Stakeholder - Pankaj Koirala,,,,,,,
152,"Mignouna, D., Manyong, V., Rusike, J., Mutabazi, K., & Senkondo, E. (2014). Determinants of adopting imazapyr-resistant maize technologies and its impact on household income in western Kenya. AgBioForum, 14, 158–163.",Peer,Stakeholder - Pankaj Koirala,,,,,,,
153,"Miller, C., & Wyborn, C. (2018). Co-production in global sustainability: Histories and theories. Environmental science and policy. doi:10.1016/j.envsci.2018.01.016",Peer,Stakeholder - Pankaj Koirala,,,,,,,
154,"MOE. (2010). Climate change vulnberability mapping for Nepal. Tech. rep., Government of Nepal.",Peer,Stakeholder - Pankaj Koirala,,,,,,,
155,"Morecroft, M., Duffield, S., Harley, M., Pearce-Higgins, J., Stevens, N., Watts, O., & Whitaker, J. (2019). Measuring the success of climate change adaptation and mitigation in terrestrial ecosystems. Science, 366, eaaw9256.",Peer,Stakeholder - Pankaj Koirala,,,,,,,
156,"Morton, J. (2007). The impact of climate change on smallholder and subsistence agriculture. Proceedings of the National Academy of Sciences, 104, 19680–19685. doi:10.1073/pnas.0701855104",Peer,Stakeholder - Pankaj Koirala,,,,,,,
157,"Nam, L. P., Van Song, N., Quilloy, A. J., Rañola, R. F., Camacho, J. V., Camacho, L. D., & Eluriagac, L. M. (2023, December). Assessment of impacts of adaptation measures on rice farm economic performance in response to climate change: Case study in Vietnam. Environment, Development and Sustainability, 26, 32479–32507. doi:10.1007/s10668-023-04301-x",Peer,Stakeholder - Pankaj Koirala,,,,,,,
158,"Nastis, S., Mattas, K., & Baourakis, G. (2019). Understanding farmers' behavior towards sustainable practices and their perceptions of risk. Sustainability, 11, 1303.",Peer,Stakeholder - Pankaj Koirala,,,,,,,
159,"Ndamani, F., & Watanabe, T. (2015). Farmers' perceptions about adaptation practices to climate change and barriers to adaptation: A micro-level study in Ghana. Water, 7, 4593–4604.",Peer,Stakeholder - Pankaj Koirala,,,,,,,
160,"Nicholas, K., & Durham, W. (2012). Farm-scale adaptation and vulnerability to environmental stresses: Insights from winegrowing in Northern California. Global environmental change, 22, 483–494.",Peer,Stakeholder - Pankaj Koirala,,,,,,,
161,"Niles, M. T., Lubell, M., & Brown, M. (2015). How limiting factors drive agricultural adaptation to climate change. Agricutlre, ecosystem & environment, 200, 178–185. doi:10.1016/j.agee.2014.11.010",Peer,Stakeholder - Pankaj Koirala,,,,,,,
162,"Niles, M., Lubell, M., & Haden, V. (2013). Perceptions and responses to climate policy risks among California farmers. Global environmental change, 23, 1752–1760.",Peer,Stakeholder - Pankaj Koirala,,,,,,,
163,"Niroula, G. S., & Thapa, G. B. (2007). Impacts of land fragmentation on input use, crop yield and production efficiency in the mountains of Nepal. Land degradation & development, 18, 237–248.",Peer,Stakeholder - Pankaj Koirala,,,,,,,
164,"Omerkhil, N., Chand, T., Valente, D., Alatalo, J., & Pandey, R. (2020). Climate change vulnerability and adaptation strategies for smallholder farmers in Yangi Qala district, Takhar, Afghanistan. Ecological indicators, 110, 105863.",Peer,Stakeholder - Pankaj Koirala,,,,,,,
165,"Ontl, T., Swanston, C., Brandt, L., Butler, P., D'Amato, A., Handler, S., . . . Shannon, P. (2017). Adaptation pathways: Ecoregion and land ownership influences on climate adaptation decision-making in forest management. Climatic change, 146, 75–88.",Peer,Stakeholder - Pankaj Koirala,,,,,,,
166,"Osberghaus, D. (2015). The determinants of private flood mitigation measures in Germany - Evidence from a nationwide survey. Ecological economics, 110, 36–50.",Peer,Stakeholder - Pankaj Koirala,,,,,,,
167,"Pak-Uthai, S., & Faysse, N. (2018). The risk of second-best adaptive measures: Farmers facing drought in Thailand. International journal of disaster risk reduction, 28, 711–719. doi:10.1016/j.ijdrr.2018.01.032",Peer,Stakeholder - Pankaj Koirala,,,,,,,
168,"Pannell, D. (1999). Economics, extension and the adoption of land conservation innovations in agriculture. International journal of social economics, 26, 999–1014. doi:10.1108/03068299910245769",Peer,Stakeholder - Pankaj Koirala,,,,,,,
169,"Park, S. E., Marshall, N. A., Jakku, E., Dowd, A. M., Howden, S. M., Mendham, E., & Fleming, A. (2012). Informing adaptation responses to climate change through theories of transformation. Global environmental change, 22, 115–126. doi:10.1016/j.gloenvcha.2011.10.003",Peer,Stakeholder - Pankaj Koirala,,,,,,,
170,"Parmesan, C., & Yohe, G. (2003). A globally coherent fingerprint of climate change impacts across natural systems. Nature, 421, 37–42. doi:10.1038/nature01286",Peer,Stakeholder - Pankaj Koirala,,,,,,,
171,"Pathak, S. (2021). Determinants of flood adaptationi: Parametric and semiparametric assessment. Journal of flood risk management, e12699.",Peer,Stakeholder - Pankaj Koirala,,,,,,,
172,"Paudel, G., Dilli, K. C., Rahut, D., Justice, S., & McDonald, A. (2019). Scale-appropriate mechanization impacts on productivity among smallholders: Evidence from rice systems in the mid-hills of Nepal. Land use policy, 85, 104–113.",Peer,Stakeholder - Pankaj Koirala,,,,,,,
173,"Piya, L., Maharjan, K., & Joshi, N. (2012). Determinants of adaptation practices to climate change by Chepang households in the rural mid-hills of Nepal. Regional environmental change, 13, 437–447.",Peer,Stakeholder - Pankaj Koirala,,,,,,,
174,"Poudel, S., & Kotani, K. (2012). Climatic impacts on crop yield and its variability in Nepal: do they vary across seasons and altitudes? Climatic change, 116, 327–355.",Peer,Stakeholder - Pankaj Koirala,,,,,,,
175,"Poudyal, N., Joshi, O., Hodges, D., Bhandari, H., & Bhattarai, P. (2020). Climate change, risk perception, and protection motivation among high-altitude residents of the Mt. Everest region in Nepal. Ambio, 50, 505–518. doi:10.1007/s13280-020-01369-x",Peer,Stakeholder - Pankaj Koirala,,,,,,,
176,"Refsgaard, J. C., Arnbjerg-Nielsen, K., Drews, M., Halsnæs, K., Jeppesen, E., Madsen, H., . . . Christensen, J. H. (2012). The role of uncertainty in climate change adaptation strategies-A Danish water management example. Mitigation and adaptation strategies for global change, 18, 337–359.",Peer,Stakeholder - Pankaj Koirala,,,,,,,
177,"Regmi, P., & Weber, K. (1996). Sustainable agricultural development for small farmers in Nepal: Myth or reality? Agriculture, 25, 89–94.",Peer,Stakeholder - Pankaj Koirala,,,,,,,
178,"Reidsma, P., Ewert, F., & Lansink, A. O. (2007). Analysis of farm performance in Europe under different climatic and management conditions to improve understanding of adaptive capacity. Climatic change, 84, 403–422.",Peer,Stakeholder - Pankaj Koirala,,,,,,,
179,"Reidsma, P., Ewert, F., Lansink, A. O., & Leemans, R. (2010). Adaptation to climate change and climate variability in European agriculture: The importance of farm level responses. European journal of agronomy, 32, 91–102. doi:10.1016/j.eja.2009.06.003",Peer,Stakeholder - Pankaj Koirala,,,,,,,
180,"Reser, J., & Swim, J. (2011). Adapting to and coping with the threat and impacts of climate change. American psychologist, 66, 277–289. doi:10.1037/a0023412",Peer,Stakeholder - Pankaj Koirala,,,,,,,
181,"Risbey, J., Kandlikar, M., Dowlatabadi, H., & Graetz, D. (1999). Scale, context, and decision making in agricultural adaptation to climate variability and change. Mitigation and adaptation strategies for global change, 4, 137–165. doi:10.1023/a:1009636607038",Peer,Stakeholder - Pankaj Koirala,,,,,,,
182,"Robert, M., Thomas, A., & Bergez, J.-E. (2016, November). Processes of adaptation in farm decision-making models. A review. Agronomy for Sustainable Development, 36. doi:10.1007/s13593-016-0402-x",Peer,Stakeholder - Pankaj Koirala,,,,,,,
183,"Roco, L., Engler, A., Bravo-Ureta, B., & Jara-Rojas, R. (2014). Farm level adaptation decisions to face climatic change and variability: Evidence from Central Chile. Environmental science and policy.",Peer,Stakeholder - Pankaj Koirala,,,,,,,
184,"Rogers, M., Curtis, A., & Mazur, N. (2012). The influence of cognitive processes on rural landholder responses to climate change. Journal of environmental management, 111, 258–266.",Peer,Stakeholder - Pankaj Koirala,,,,,,,
185,"Rogers, R. (1983). Cognitive and physiological processes in fear appeals and attitude change: A revised theory of protection motivation. In Social psychophysiology: A sourcebook. Guilford Press.",Peer,Stakeholder - Pankaj Koirala,,,,,,,
186,"Rogers, R., & Prentice-Dunn, S. (1997). Protection motivation theory. In Handbook of health behavior research I: Personal and socialdeteminants. Plenum Press.",Peer,Stakeholder - Pankaj Koirala,,,,,,,
187,"Rosenzweig, C., Elliott, J., Deryng, D., Ruane, A., Muller, C., Arneth, A., . . . Jones, J. (2013). Assessing agricultural risks of climate change in the 21st century in a global gridded crop model intercomparison. Proceedings of the National Academy of Sciences, 111, 3268–3273. doi:10.1073/pnas.1222463110",Peer,Stakeholder - Pankaj Koirala,,,,,,,
188,"Ruiz, I., Faria, S., & Neumann, M. (2020). Climate change perception: Driving forces and their interactions. Environmental science and policy, 108, 112–120. doi:10.1016/j.envsci.2020.03.020",Peer,Stakeholder - Pankaj Koirala,,,,,,,
189,"Seo, S. (2010). Is an integrated farm more resilient against climate change? A micro-econometric analysis of portfolio diversification in African agriculture. Food policy, 35, 32–40. doi:10.1016/j.foodpol.2009.06.004",Peer,Stakeholder - Pankaj Koirala,,,,,,,
190,"Seo, S. (2015). Micro-behavioral eonomics of global warming. Springer.",Peer,Stakeholder - Pankaj Koirala,,,,,,,
191,"Seo, S. N. (2017). Adaptation paradigm as an alternative global warming policy. In The behavioral economics of climate change (pp. 185–222). Elsevier. doi:10.1016/b978-0-12-811874-0.00006-4",Peer,Stakeholder - Pankaj Koirala,,,,,,,
192,"Sharofiddinov, H., Islam, M., & Kotani, K. (2025, January). Adaptation indicator to climate change and farm sizes in agriculture: A reflection of farming culture and history. Ecological Indicators, 170, 112976. doi:10.1016/j.ecolind.2024.112976",Peer,Stakeholder - Pankaj Koirala,,,,,,,
193,"Shrestha, R., & Nepal, N. (2016). An assessment by subsistence farmers of the risks to food security attributable to climate change in Makwanpur, Nepal. Food security, 8, 415–425. doi:10.1007/s12571-016-0554-1",Peer,Stakeholder - Pankaj Koirala,,,,,,,
194,"Shrestha, U., Shrestha, A., Aryal, S., Shrestha, S., Gautam, M., & Ojha, H. (2019). Climate change in Nepal: A comprehensive analysis of instrumental data and people's perceptions. Climatic change, 154, 315–334.",Peer,Stakeholder - Pankaj Koirala,,,,,,,
195,"Singh, N., Anand, B., & Khan, M. (2018). Micro-level perception to climate change and adaptation issues: A prelude to mainstreaming climate adaptation into developmental landscape in India. Natural hazards, 92, 1287–1304. doi:10.1007/s11069-018-3250-y",Peer,Stakeholder - Pankaj Koirala,,,,,,,
196,"Sitko, N., & Chamberlin, J. (2016). The geography of Zambia's customary land: Assessing the prospects for smallholder development. Land use policy, 55, 49–60.",Peer,Stakeholder - Pankaj Koirala,,,,,,,
197,"Smit, B., & Wandel, J. (2006). Adaptation, adaptive capacity and vulnerability. Global environmental change, 16, 282–292. doi:10.1016/j.gloenvcha.2006.03.008",Peer,Stakeholder - Pankaj Koirala,,,,,,,
198,"Soubry, B., Sherren, K., & Thornton, T. (2020). Are we taking farmers seriously? A review of the literature on farmer perceptions and climate change, 2007-2018. Journal of rural studies, 74, 210–222. doi:10.1016/j.jrurstud.2019.09.005",Peer,Stakeholder - Pankaj Koirala,,,,,,,
199,"Stringer, L., Fraser, E., Harris, D., Lyon, C., Pereira, L., Ward, C., & Elisabeth, S. (2020). Adaptation and development pathways for different types of farmers. Environmental science and policy, 104, 174–189.",Peer,Stakeholder - Pankaj Koirala,,,,,,,
200,"Sudgen, F., Agarwal, B., Leder, S., Saikia, P., Raut, M., Kumar, A., & Ray, D. (2020). Experiments in farmers' collectives in eastern India and Nepal: Process, benefits, and challenges. Journal of agrarian change, 21, 90–121.",Peer,Stakeholder - Pankaj Koirala,,,,,,,
201,"Tambo, J., & Abdoulaye, T. (2011). Climate change and agricultural technology adoption: the case of drought tolerant maize in rural Nigeria. Mitigation and adaptation strategies for global change, 17, 277–292.",Peer,Stakeholder - Pankaj Koirala,,,,,,,
202,"Tanaka, T., Camerer, C., & Nguyen, Q. (2010). Risk and time preferences: Linking experimental and household survey data from Vietnam. American economic review, 100, 557–571. doi:10.1257/aer.100.1.557",Peer,Stakeholder - Pankaj Koirala,,,,,,,
203,"Termeer, C. J., & Dewulf, A. (2018, August). A small wins framework to overcome the evaluation paradox of governing wicked problems. Policy and Society, 38, 298–314. doi:10.1080/14494035.2018.1497933",Peer,Stakeholder - Pankaj Koirala,,,,,,,
204,"Thapa, G., & Niroula, G. (2008). Alternative options of land consolidation in the mountains of Nepal: An analysis based on stakeholders' opinions. Land use policy, 25, 338–350. doi:10.1016/j.landusepol.2007.09.002",Peer,Stakeholder - Pankaj Koirala,,,,,,,
205,"Thapa, G., Kumar, A., & Joshi, P. (2019). Agricultural transformation in Nepal. Springer Singapore.",Peer,Stakeholder - Pankaj Koirala,,,,,,,
206,"Thomas, D., Twyman, C., Osbahr, H., & Hewitson, B. (2007). Adaptation to climate change and variability: Farmer responses to intra-seasonal precipitation trends in South Africa. Climatic change, 83, 301–322.",Peer,Stakeholder - Pankaj Koirala,,,,,,,
207,"Thomas, K., Hardy, R., Lazrus, H., Mendez, M., Orlove, B., Rivera-Collazo, I., . . . Winthrop, R. (2018). Explaining differential vulnerability to climate change: A social science review. Wiley Interdisciplinary reviews: Climate change, 10.",Peer,Stakeholder - Pankaj Koirala,,,,,,,
208,"Tompkins, E. L., Adger, W. N., Boyd, E., Nicholson-Cole, S., Weatherhead, K., & Arnell, N. (2010). Observed adaptation to climate change: UK evidence of transition to a well-adapting society. Global environmental change, 20, 627–635.",Peer,Stakeholder - Pankaj Koirala,,,,,,,
209,"Torres, M. O., Kallas, Z., & Herrera, S. O. (2018, December). Analysis of farmers' stated risk using lotteries and their perceptions of climate change in the Northwest of Mexico. Agronomy, 9, 4. doi:10.3390/agronomy9010004",Peer,Stakeholder - Pankaj Koirala,,,,,,,
210,"Torres, M., Kallas, Z., Herrera, S., & Guesmi, B. (2019). Is technical efficiency affected by farmers' preference for mitigation and adaptation actions against climate change? A case study in Northwest Mexico. Sustainability, 11, 3291.",Peer,Stakeholder - Pankaj Koirala,,,,,,,
211,"Trinh, T., Ranola, R., Camacho, L., & Simelton, E. (2018). Determinants of farmers' adaptation to climate change in agricultural production in the central region of Vietnam. Land use policy, 70, 224–231.",Peer,Stakeholder - Pankaj Koirala,,,,,,,
212,"Truelove, H. B., Carrico, A. R., & Thabrew, L. (2015, March). A socio-psychological model for analyzing climate change adaptation: A case study of Sri Lankan paddy farmers. Global Environmental Change, 31, 85–97. doi:10.1016/j.gloenvcha.2014.12.010",Peer,Stakeholder - Pankaj Koirala,,,,,,,
213,"Turner, B., Janetos, A., Verburg, P., & Murray, A. (2013). Land system architecture: Using land systems to adapt and mitigate global environmental change. Global environmental change, 23, 395–397. doi:10.1016/j.gloenvcha.2012.12.009",Peer,Stakeholder - Pankaj Koirala,,,,,,,
214,"Uddin, M., Bokelmann, W., & Entsminger, J. (2014). Factors affecting farmers' adaptation strategies to environmental degradation and climate change effects: A farm level study in Bangladesh. Climate, 2, 223–241.",Peer,Stakeholder - Pankaj Koirala,,,,,,,
215,"Ullah, R., Shivakoti, G., & Ali, G. (2015). Factors effecting farmers' risk attitude and risk perceptions: The case of Khyber Pakhtunkhwa, Pakistan. International journal of disaster risk reduction, 13, 151–157. doi:10.1016/j.ijdrr.2015.05.005",Peer,Stakeholder - Pankaj Koirala,,,,,,,
216,"Ullah, W., Nafees, M., Khurshid, M., & Nihei, T. (2019). Assessing farmers' perspectives on climate change for effective farm-level adaptation measures in Khyber Pakhtunkhwa, Pakistan. Environmental monitoring and assessment, 191, 547.",Peer,Stakeholder - Pankaj Koirala,,,,,,,
217,"van Valkengoed, A., & Steg, L. (2019). Meta-analyses of factors motivating climate change adaptation behaviour. Nature climate change, 9, 158–163. doi:10.1038/s41558-018-0371-y",Peer,Stakeholder - Pankaj Koirala,,,,,,,
218,"Vincent, K. (2007). Uncertainty in adaptive capacity and the importance of scale. Global environmental change, 17, 12–24. doi:10.1016/j.gloenvcha.2006.11.009",Peer,Stakeholder - Pankaj Koirala,,,,,,,
219,"von Bulow, C., & Liu, X. (2020). Ready-made oTree applications for the study of climate change adaptation behavior. Journal of behavioral and experimental economics, 88, 101590. doi:10.1016/j.socec.2020.101590",Peer,Stakeholder - Pankaj Koirala,,,,,,,
220,"Wheeler, S., Zuo, A., & Bjornlund, H. (2013). Farmers' climate change beliefs and adaptation strategies for a water scarce future in Australia. Global environmental change, 23, 537–547. doi:10.1016/j.gloenvcha.2012.11.008",Peer,Stakeholder - Pankaj Koirala,,,,,,,
221,"Wilk, J., Andersson, L., & Warburton, M. (2012). Adaptation to climate change and other stressors among commercial and small-scale South African farmers. Regional environmental change, 13, 273–286.",Peer,Stakeholder - Pankaj Koirala,,,,,,,
222,"Wise, R. M., Fazey, I., Smith, M. S., Park, S. E., Eakin, H. C., Garderen, E. R., & Campbell, B. (2014). Reconceptualising adaptation to climate change as part of pathways of change and response. Global environmental change, 28, 325–336. doi:10.1016/j.gloenvcha.2013.12.002",Peer,Stakeholder - Pankaj Koirala,,,,,,,
223,"Wood, S. A., Jina, A. S., Jain, M., Kristjanson, P., & DeFries, R. S. (2014). Smallholder farmer cropping decisions related to climate variability across multiple regions. Global environmental change, 25, 163–172.",Peer,Stakeholder - Pankaj Koirala,,,,,,,
224,"Wooldridge, J. (2019). Introductory econometrics: A modern approach, 19th Edition. Cengage Learning.",Peer,Stakeholder - Pankaj Koirala,,,,,,,
225,"Xiao-jun, W., Jian-yun, Z., Shahid, S., ElMahdi, A., Rui-min, H., Zhen-xin, B., & Ali, M. (2012). Water resources management strategy for adaptation to droughts in China. Mitigation and adaptation strategies for global change Mitigation and Adaptation Strategies for Global Change, 17, 923–937.",Peer,Stakeholder - Pankaj Koirala,,,,,,,
226,"Xu, J., Lu, W., & Wang, W. (2024, December). From “fragile smallholders” to “resilient smallholders”: measuring rural household resilience in China. Humanities and Social Sciences Communications, 11. doi:10.1057/s41599-024-04249-x",Peer,Stakeholder - Pankaj Koirala,,,,,,,
227,"Yamogo, T., Fonta, W., & Wunscher, T. (2018). Can social capital influence smallholder farmers' climate-change adaptation decisions? Evidence from three semi-arid communities in Burkina Faso, West Africa. Social science, 7, 33.",Peer,Stakeholder - Pankaj Koirala,,,,,,,
228,"Yaro, J. A. (2013). The perception of and adaptation to climate variability/change in Ghana by small-scale and commercial farmers. Regional environmental change, 13, 1259–1272.",Peer,Stakeholder - Pankaj Koirala,,,,,,,
229,"Yohe, G., & Tol, R. (2002). Indicators for social and economic coping capacity-moving toward a working definition of adaptive capacity. Global environmental change, 12, 25–40. doi:10.1016/s0959-3780(01)00026-7",Peer,Stakeholder - Pankaj Koirala,,,,,,,
230,"Zamasiya, B., Nyikahadzoi, K., & Mukamuri, B. (2017). Factors influencing smallholder farmers' behavioural intention towards adaptation to climate change in transitional climatic zones: A case study of Hwedza District in Zimbabwe. Journal of environmental management, 198, 233–239. doi:10.1016/j.jenvman.2017.04.073",Peer,Stakeholder - Pankaj Koirala,,,,,,,
231,"Gumucio, T., Hansen, J., Huyer, S., & van Huysen, T. (2020). Gender-responsive rural climate services: a review of the literature. Climate and Development, 12(3), 241–254. https://doi.org/10.1080/17565529.2019.1613216",Peer,Stakeholder - Graham Clarkson,,,,,,,
232,"Cramer, L., Dewulf, A., & Crane, T. (2025). Livestock and climate change frames and interaction strategies in East Africa: exploring tensions between adaptation and mitigation options. Critical Policy Studies, 19(1), 114–136. https://doi.org/10.1080/19460171.2024.2331706",Peer,Stakeholder - Graham Clarkson,,,,,,,
233,"Carr, E.R. and Thompson, M.C., 2014. Gender and climate change adaptation in agrarian settings: Current thinking, new directions, and research frontiers. Geography Compass, 8(3), pp.182-197.",Peer,Stakeholder - Graham Clarkson,,,,,,,
234,"Laudien, R., Gornott, C., Chemura, A., Cronauer, C.C., Gleixner, S., Heckmann, T., Staubach, L. and von Witzke, K., 2023. Climate risk analysis for adaptation planning in Zambia's agricultural sector.",Grey,Stakeholder - Graham Clarkson,,,,,,,
235,"Independent Evaluation Unit (2022). Learning-Oriented Real-Time Impact Assessment Programme (LORTA): Impact evaluation report for FP002 - Scaling Up the Use of Modernized Climate Information and Early Warning Systems in Malawi. (April). Songdo, South Korea: Independent Evaluation Unit, Green Climate Fund.",Grey,Stakeholder - Graham Clarkson,,,,,,,